Number,Image Hash
1,2faae5e1b16dc474e6af09eca4a5a516
2,b5350c021f023ce6e909600698cfb1ac
3,e236bcdea1b7711d37592ee9b567bd04
4,d41a1c0ca34f08e512ccbc2b6d5efb33
5,b4323f8092dce3909fdce63320099182
6,c3a3505342657edffc3efafa4c50a7ff
7,0d5dffe4e5968305181a3201c71cabc3
8,9bb1ac069533f2691ffc36a6bd7d50c6
9,03cfca06a822f2a0a497908c50df926e
10,06a336da28024dfe6a4b4fbfe1fa62a5
11,fb68f4889fbf12ecd6a758c6fef4d3af
12,d6a6a4afba30e11032fcdddd1e0d0c77
13,e76c7ae0dfb74be76eeefe8e4602bb42
14,9b06cd3a29f42f3480c50ea70339849c
15,3a349ec7b8f298826acdacdc413419ff
16,8ed197cd506c945178ffb235c3b0ed54
17,b4f0ae346d785a4e8175f21701d3b634
18,1fb3c0b5bd9593d9c3f106159c10977f
19,83ac0720a6febad8e8e4a8533598ec3e
20,23ac5a3fc7a11d88c59ab6619eb9a5ee
21,ea08d7bcecc47311f45b321a38730b37
22,1dcb7d174eb9438aa6d71cdc3a377b6b
23,0d9fba47e61f3e568d3bcd77b6813321
24,a0746d8b50c0a2d32947ba9f1b603306
25,6b8019c370ba38e933f904a52f2e7f89
26,0e0d4c62a202e20c2551125ab9215d06
27,458d9f29cebb0d0a0d957d7ac3fd9d7b
28,fb5a63dccd8773c8c04801c9155d9307
29,af436456f13b9a6ba85ff945578feffc
30,1e94de34a31b78c61cb162fa9fa07fa0
31,c9364871b942280c9560abb69553f6eb
32,3f85b790b0dc4fcbae1c28df668df77c
33,3316bfb77144bbcc4cd3543c9629d4af
34,e93bd55a191dd3296c9a87172521241a
35,4d663147619c7ceaae843a4fc054382f
36,69b024c2830264ebb8fe1bb62cc9284b
37,22d33037b07b309928bcc4678e71dd71
38,cd0487ab5558a2bc023a954d8a3fb350
39,898df601672b958e5f9c96125f6ff889
40,a15df13a46941e9ddfb0f3b1d1190c47
41,8db8c0499e89236b4bf495a8d1881524
42,b122bd7a258209591c377627f4098c9e
43,01702fddc40e6c6cd1d2f61fc13db2d1
44,1604180a77eddb3cbc4c466f92a0cff3
45,3cc29c04fcd83f8f1cfea09ba344247c
46,c90d1ab01523136c50d021aa831737f3
47,e7c3213e926ac8216fb0539eb9396240
48,7727a47a1b8dadc8e64672b4f47fe1b8
49,aeacede0302c52945819485d9fb1e2fc
50,27c87e771454c1c8dfd1112a2bc9cd9e
51,dadfb3bff725885102d6cbcfbc8bdb28
52,15fa33d35f5950cea180398791f8bc52
53,c7c0701848ce830c88dee45f7b2a4f43
54,8f88568228cf4a04b6974f3db3ec8a95
55,256aeff4c482509320d16d0c2167962f
56,3de36ae67d54c7cdf53a6990d40854cf
57,bda5e0a170aaa2f2b7f552707a50a352
58,c997dc958bbe68fc2ec36b4670aaf324
59,617ec98b9f86e9e673e82138885f75ba
60,4883cfe97369ca754c1ab85a025d4be7
61,61582a8b7c2d05d8bc89080be103d414
62,6bd3accc6de839a71a578c5aacdced9f
63,522535d1ed43c2b20cbb4603114f63aa
64,41a936241d4875d27db29a0c301afc12
65,cbdc8d96b048f154ae9b0b4068536858
66,499c7b7bcd23d1d3bf8439fb1c43d072
67,9515079953918c35f4343692dfb063ae
68,2de8a374be0d2f3ac98d3a3d107a3d4b
69,efbadf0978c8d047fc12ea40216db3b2
70,d2b911a9324a670d4f4b0b94cc041655
71,638ae92ea00f5fb27cf2541cc84072a5
72,371adea7ff7d427c5bf5485ee51ae3d6
73,9f49e961403aeea5fff20c30021fcafc
74,e3c9a33d336760428e0f3bc07adb3fb1
75,addcd36cfa05894841b36cf8cece6d6b
76,4dd3db6077c580255f2225c980305f39
77,c20a806b13ebf3aba9674183f1793ce8
78,a6ae889be2d0de92824ad8e2221aad4a
79,f2d8cb9dd0b15542c840c2549d2cceaf
80,d86036043f1f64391f97f57883e88072
81,431f686b95a6b458803626d8555c0dd9
82,dc5a0aef2306b9c8fb19bdfd7712692a
83,19710af7f898ed58352487e5ae8a67c7
84,bfa7cb9b99f191f978c91b99db2433e5
85,3b21fbf9ca7675103844792b7b8e432d
86,22b2b93a3eb01bbddb5c350ab545b7ee
87,eaba2e4809f2cf0fc895d9fecb45cc5d
88,be8bcb2c21dab72d6ebfc2647b935832
89,809bd9e55c940870d049adc40f392d5a
90,25582eeac1e10ec2a7422f8605a381de
91,d1a82e9c898ed6372f0162791ccf0242
92,678ce2d80e46791521ef333d234210a3
93,f04b9b5ebc2a3a05e4a2d037e9bdcff6
94,4b8d295c622dddd2326cd7069323b404
95,2cc16564cd98868e74b66e99124d722b
96,c201f5f32c1d65d6097ffef09da92e02
97,3c7e5fb8ff293cbc3a768253028c5713
98,9e92d2ee916a057d005b5a251fdaa9a7
99,61ed17739b5b2e2c5b09c672872f8e36
100,9a4c3165791e5053c48635863d21f66e
101,8fcca8cba25625be683083b612fb2a0f
102,db896dcabc96a3e8098927cf061a98b3
103,62166a6619318dc89b53a2a59f031498
104,329ec7036645aa9e4dc4c981eb711953
105,c638bc28814191a7335c020c30195d20
106,77f15e810f87ebb15effab1bcd9aac80
107,9c532e681d6c62c641f9935a2bd0d1da
108,3d9a4e1afb03e9a42369f578c6e0f61c
109,4e834f0d3de2839d3f9a0129ade99512
110,aef690821b2c6ab078be29d8bd7cdd85
111,128fb7ebba58a0416ca58bbe10b86ca7
112,b9684b1ddc8b49299f477492b7b91e22
113,33189762c5ea4763b4a7da3ae30e0b29
114,77a7be58e187bbd5fd434c9a7b43953f
115,0b0d35348ac4c052b8a29738903f718d
116,c6fc867d157294bbe63de62d3c92f7c6
117,f05086def6da345c074120c20c802954
118,4afbe7bdab35b65f90c3649073856a0f
119,1cf45d43887ccdf1e771706b8b845df0
120,5d8080070be0260b26131c516b24a4d3
121,4ba590f7ed29e5de1e180f4f9aeb83e1
122,9128256c50842fd4ca2af77a13060c01
123,f8ec48751f21f5bfccb59b66b7b2a8b2
124,e2a8ac294393ed011016fe660315d037
125,b3ff311a2153e795d47c4aa236f1c46f
126,aef56c6cd5e97fe90ed28e3b07545ea6
127,2d51787c8dbe3eb4119bdb637bf7dfe5
128,40c767e1a4eb7d5d0fcaad4b3eac0ea2
129,9a86533a0d7638a2e9959e6eb0465388
130,0558f21fb2724a7ca2f28650dfa57614
131,75dadf6476ef772172834f57e6ac0840
132,94d7eddb0e874eeb2fb89a0dea420776
133,298c41698e05fb0757b0ec5836265fd7
134,7efeafb509ea4ccbe8641d6eea8b4354
135,7d434a8dfd48f70fb7a4ae7f1316181e
136,117d3e9b5927b60a107266798609700a
137,74c8bbd61520cb451f590c569406b411
138,bb5f0f6ddc837a2dfdb67c25f3d28106
139,0b2bc941b270155d2b77b3c26ee80979
140,3ec298a247504978c395c18ddb91aef3
141,125c5cf0e5225120bafc3d422009a030
142,a3b07b3f81f7911852068531cfdbb7c1
143,21624ec1f77079b28cba482b8090f038
144,376854bab0f539c15fe1430628dedd1e
145,484480528de939a0339616d3e2a42349
146,b71fe74564006d98d20e9b7a5bfe6455
147,073b30e7a1507950184064668afe72d6
148,51922475f54ddffd156b61352d0f9c0e
149,41970d274824345cc1bd85a52844b09e
150,3295b997077f79f0ad49237c9c53b67c
151,358b7048282e0155e1baf28de5852b92
152,f3623b24c4ad0322a6da74e549ab1ae1
153,41b81c15f3f7570f6cd6c0692df464ab
154,38f95f580c6c263c1430481aea190dc8
155,24bdba8e32ccb9fed686aa073d971c98
156,54081f724b4e352a600561e41afec70a
157,f8208b4fb10cfa333e0f5fc9fb7c245f
158,7cf63f488036271866cf840ffea04c88
159,121dc08cd55f73c0fc2c7a1cfa8fdefe
160,67fb5a03cb6ee34fc4e63ca531eefcd3
161,a48936646e91eed85dfa9b451342831d
162,d9597923a6be9c676034f65da90a1bd6
163,1a423ff75a85d466ca2648cd3e03beb4
164,39e31873f479c6b3b98eb0869629dd3f
165,0cf352350f65f73e1a8eee79253b9ae1
166,bdbcb2b03723a1e24f119d0d3b930947
167,fffb4d9a048cfdae8f31570b969079ad
168,3921e7e7d8320dc5c8013210a94a073c
169,2f3488c3e90314c1370916afb2d68607
170,67b2c95171059271c5b38f9031b6cb9c
171,bc0fd865328fbfb1a981b8cc37daf46d
172,a235c6417d717cca5b42c1a02e1747f6
173,d8f62649e1b1bbbd7aaccfc531502412
174,3b2d49b2eb6db6c7c23cab2931b77119
175,ec2d5e03d32ad74e8c2f1081b0a0b017
176,a49b9cc06b1fd4610275ad3d4d1ff8a4
177,ff0c230d12033c80188038d48e8eb950
178,93a24a774e131568b0bf22205824b12e
179,325c55f52b41b79b487046e402f76871
180,f6ab60d7b36668a428bbccfa3b90a9f3
181,9997b96eb32773d013917d37dc96be53
182,d7008431acbf53b1fb724092579226c4
183,7e35b7a6b455d1160ad3c6b38e1212a3
184,ed6c4f6ed423ca8d29e02c1531b54c15
185,ce65180a19ba7f8bd004650224202d89
186,97639ce7cde23d04641a3b11fc97fd38
187,124e0d5e7b60566af6e635366002af0d
188,a03ca70090a7b044a654355cf20751d4
189,eb41b410502a68c4bab1175184f1666a
190,4ad56020eff7e9e9915b70be736f332e
191,bf145b8d8151ba12a47cbcb13325cba6
192,7aea17ee78b326810acd7317a41c6d1c
193,e28cbe85d2513e188450dff65457bd5a
194,9529452faef02fa1af3c0ebfd07e83b4
195,ef9699407fedf17f143cdb8535e2311a
196,94dda025b899a44452317e1d4edff540
197,fd75f78833071fb54be473f685f71581
198,4ff75eb4b45e8be92f7aecb05dedc2e2
199,45cc990c2578f6fc297f2140da186f4a
200,9ce10cbbf1169261d97c2ed2227b3533
201,b65daa1da4deaf7a9a13a47c6cdbee57
202,5e0d92b7aa4f598858f5ebc205974054
203,f67551c30fca9d128be7b234b196a8d6
204,694b989b6a3514966a1fb4e53747e86b
205,102e3c159ca8dfea46d56cbbab5d5257
206,719248af5738bb65c03055d2a19a631f
207,600fdb062bd773ae82bc786a50b62cda
208,c07c5415b6be7c9723a450f21f01fcb6
209,23cca0a990ca135b326f7fd58a241cb5
210,a12c78b3c9cb042a3dfe41894711bc0d
211,5a6c6be81366d6d7a8feaa14b08ce884
212,a6f404185c0d3ed7297054d196efc250
213,e8a9069a31cd61459b7b37fe6e6a25ee
214,5c386e76d747d191f6b24f5174cef0fd
215,7f5ddd140d6d4c9a265cdd5f19ab1651
216,48f551c479efce19dd48c741ed08f562
217,acdebfacb5f0056b81097424d8db3cb2
218,faf304fec2fe1f0c36535fdd091a302f
219,5be292b6e14d300dc5ebd84cdabaa6cc
220,83e514ba5f80e3fdeeb11285cc6bf5a8
221,1a98a7fe9a95c7924498fdb866a466cd
222,2cf56a467c9daf76992d7259fb2c34e4
223,a1f9ba0b28ccd9773286e94e0d70407a
224,9f91e4b9d8902d25bd705259f70f37e0
225,7b51c1e9ddac4f2bec3082cd3db4addc
226,ea012763bc1ef8bb8759e2fc68bf7d17
227,6d7a33171ffb4acd6a4efafc9b818222
228,1982c26ceef54f76cd0bbcdab0b87de0
229,b2a545539b444f8852d7f2f197959cb3
230,564141d5fd9663d426aea89ebda221a9
231,69ea77002e8741c953cca775a5e6a8d9
232,43d98d73d571a2ea76ce5022a57291d2
233,88096754718dd8bb7ec1d9deb103d343
234,f2443d6394dc1e3b05b82ed063370140
235,c17823b71cfbbdbbaa11084ee032af6c
236,803b8879c65b484f71b012466c5fa579
237,548062c260c82f0a48c5c1f7e3814bf5
238,99a11b152a6d19be7ae4df518133437d
239,59c55af2dd5f79e08b39e988de9adbf1
240,58eb27889b15e55b2c10e0e3cd1b23b7
241,7e9aa8a8157909ed5a1926b88958c07d
242,4e7922a7f0a704f44687850260e9c544
243,e56ed3914375ca5174a10ec2edcffc7a
244,ec566d60d633fd54d80a8b9335170504
245,2cafaeabbdc57e7e59fa3e9696cd658a
246,dd39c2c215837e4fb80abf088a49338b
247,3b7abbd847a98c842609cd06b8945892
248,23b6e20263c1fee87979e07392fc473a
249,54687a85e7a06f9c74e3d30b1cd7ee2c
250,4934cccd19f8f7515e0d2dfdfe1a5bc4
251,a905441c3159d2f988ab6ab3bb7cf4e6
252,49fb866c7e4a2ef131e0884866a97101
253,7b08a2440724540f4ef9f70400df53ed
254,2296edd9c4796b7b72e80577ea25b979
255,75716ed51bc14fe97760a994b294f440
256,1be0ff91298a806a5285721097e81b3e
257,2c300e0a3e1b8c80839f48b2bfeed7bc
258,ed5cb0d27f1f211ee2e9f8b80511044b
259,606ff3c389e69b34c89ebd4449db68c4
260,a0edbe8fd2caea1fd30d979cba2be084
261,ab43e3b1ae86ecdf971732b681f897e9
262,a6c71167058184ef5b0e9994a3c05cc1
263,efb186ade3cb4519461776c1f6ba9a22
264,090ad5237b28665b512c2a9f5c15761c
265,bc67df370958a29401011fdc19936fa2
266,c101ddb2251dace6db98df57b9630851
267,a59463c6b3d2806b167eace9a30afaf3
268,0ec855f173be253c67b5f122edf940fd
269,84d6f671ed4093bd79e8e8a413d41eac
270,aff2646d19d2959e1fb2c81f145e313a
271,6f8924497f4d19080f92cabcb1387edb
272,e8e2ce7ced6f28392ccb9f2677eb1d09
273,e70ede4608435c3668157bbaa9066da5
274,637c0d5d44f355a37acc69c80bf09d8e
275,0dea297ff6eabff0807c3153f7633e69
276,495eee5a61a7b9cdfbbeb64b99cec8cc
277,026b14a557d4d616af24186596457673
278,54e411fc08447a320cd1e5dd99e56c94
279,e77f10352b234cc39926094418f3dbe2
280,dc6ac5ad874e75c305942b62dfa73be7
281,40bf3fbaa8de394407d6538509cff8c7
282,41f7a50b2b4fe6e49fc9bd77e0242843
283,6c90315b744a324c45de7dbb2fdd27a7
284,6969876fef26f7448d018d3dcefaf504
285,2569ac799ca5b25e4d198cdde891310b
286,e51bfd8bd1efc9fd0b557fa244dcd982
287,3f85a1fb0b6d6a81da7272fe91b76e4b
288,a7092a8a04ad91925e3806d3711627b9
289,c521375e90f9afc9f41bb38646acf6b6
290,4774d631fff9100c44cfd5e57fab1afd
291,5a4b7e1a5b2b6bd9de60909c7350a461
292,bf7b2a674f95cf58e0d2dc2ebf5b905e
293,58ded83d9caa294a30ffc5fe2888ac3f
294,89e8a62903713ff0b7db3b838292c06c
295,79e24a45c2bc70828c4c71e12e89c042
296,1da7e5ca16800a97db62f944b324fe38
297,084a1214fb5e4a068f06eb91ae8af629
298,23a12473efa0c873e54e2256c5f15a3b
299,2e57c029f9d582c085dc85f10393d7a7
300,cc45f1c586ff8188f1bfbeaa5aa3b60c
301,2e12437d53800725fb817297bae13e5b
302,b8f3fec278d32bb17513666d3b26a380
303,380339d6b56bfb3a38f5cd77c3ca568c
304,c2c0e57b9a1884de7f9474e52d3533f0
305,9dc04eea54c7afa0c344b49b38bdd86a
306,1334d0abddd1b5f5136f97aed536f10c
307,edf21cec6bc1f963cbb53737e00f60f7
308,2e1a52dfccd60246f614594ca6799a24
309,936eee84fa6970665d4bb1ba37f61735
310,1568214297b29245b3ea3af3c278ed94
311,25db5fbbfd26d21738aaaca3a96942f9
312,6871e6fcf60e3761240d6c28f3bc374f
313,78bc758c7bd3a35b619648dd9409a92d
314,d112ae0a50e0101960b00e8dcf1af7d0
315,53f9e60a2e028865ccdf4960e29252ec
316,4aab1d487b7bd1219016fbc942cc4eb5
317,f6500e429cd820ee84dd19434619a78c
318,b3fd5d19065df6144a995785cd97e85a
319,ea37cccbab1b79e96575c751fb258f5d
320,8c5ae03a3bacfb9f79f0b03ef79cf0d9
321,1fc2086022afe937b9512b52563e9b22
322,945a0dfa5fc5e62e1c4c3d6848486d07
323,1e4db54b21d83d2ed3d72ad0223ed8ff
324,fa1c4138976ef1d112b04dca762604ba
325,3e929b3d6a7b98bfa87d677572a55a7d
326,450b64b358a2e7a5677cfc0cc27c1599
327,4efe5230ab9e3e10e6aa4c0cda78a68e
328,1cdbdce5afc0c9d72acd22ea70f0ad21
329,2c3573193bd27d4b590de19f0e5b1ba7
330,c5a780dbd96cc229dbd9c761bd4735a8
331,b1fc9447c4683cfd0f97bd77a7b10b4c
332,db7854f6e8fc2847242a816e50b38e5c
333,a519cb2ca94657ff42244cc6d9afdf77
334,f1e70960b8cd20be4e85f282ef8d4df0
335,7f0fbbc89021bdeed66504686bd1edb9
336,d24644d9cbf622cca04a2c2a5c5f2bac
337,ab77a4821df1127ff81705c28e414b1b
338,6ab9f918280178244a9be735e024698c
339,38992b051fd0e31633447c9ef5a52fcd
340,edb2bb5304feda5a0df51a9ae0935d38
341,9513fe8c3bfe080fd61af4d1785b9bf8
342,dadc95caefdc772d00653d7f426f3ce1
343,8227da6a81c63131f4737a1d6fcf8f20
344,dca1c2602475f5d52dbb729cb0c74c1b
345,88cd4d87d765d1cbc6e25f5e5671e313
346,c822be9719c5907f17f7b078b7ccd165
347,1716799100ffa871ef12880f3b7f1401
348,3952ae6a1fd5976d87c03575223ab7b1
349,d2e19febfb6f0747b7cbf51806fc6864
350,9c26df93e9106ae5ae4c189b7d6cb59e
351,8800f943089681147de225bdb0f0116a
352,3f3345c95ac4eb4c89d99b66ea9c5ae5
353,cc1151a7542d873259b28fb1fb0a76ae
354,5f0eb3bb9d407150da6c5c12ba428101
355,a78c5e033c5548f370107c30ab17971c
356,3f92a4cfdc8818c83ce0555c8bddb42e
357,1bb11faf12c03768bc7cfdfb40df9bda
358,5d5940c73c7b25a144078a8c0cad60bc
359,dad01db7557508d5c36d8b547e9a6186
360,76b3fa238f0612fd57ecb508dc5f4ac1
361,1c0e63e23283c92468d6a317d6343f51
362,0c31265a0ad4698c52031ce6094e1e71
363,528a8b7bdb8ac6aebed901a133645166
364,67fa72a1d3e8f6a719cbb6b1e3ccb4c3
365,9645befdf3984a661617ad746843526d
366,30e3f43f7a71d4dc97ff7212c2bc3c1d
367,d00b7c8e8d0d776b67d20df12f3293f7
368,23159dbd9b2c32278d2dddf4970ec91f
369,4b7feeb98123fb6ebb01c5e09e259e41
370,6b4a80ab3a337834963d7348123eb0f2
371,f769cedf360d8ed4eea2a334629850d6
372,d966b557401d286d9229e474505fe320
373,9e62123d5b210c9d2c272f7a6b81b7d4
374,d43f0a163f59bbd1c31efc534d53ba19
375,2e4d0bb90179d896b3369619f3fabd0f
376,7f2bb2336cc4e06b1cd8b84e32593e0c
377,ef4040c3a63c803b150d5bf7fa8edec3
378,03a6afd92606764688a38d62f9179194
379,6c0c6dd866fac8e30ff68dfb703195b9
380,5b3c7a8bb9e5ec5316103cea871c2610
381,d69115bc945d08a19a75f8b4e453dae8
382,5f6862c34922955aff4861a411186907
383,8773d73cb095dd0138373d6c9b240ce1
384,76b04f5eb7be30cc079acf43b43280b8
385,6f74921c2c02459da893f5ad934a928d
386,9a18eb84ad924949244ce89f9fec2f92
387,2956ad942206cefd75391c5f09c2ccc9
388,7e08dd95039b7a1689d73ea9d14745d9
389,a9eea801ef742b02dfc80ad16f659210
390,6c0a01a2082de694ce5f4eaa66ccef3c
391,4102e04947a9579920d8a65ae05cd9ed
392,092e185681fac81879b1add3fcf6d099
393,049908551ec39538a282acab84cd55a6
394,038227ab8feab5aa9c159760329e9c6d
395,2c5b1c4fc16a832ca22b91af09efd1cd
396,62775203aed0e5764a82e342e8167bfe
397,72d1f47da1fb32a7050815a4df8e582f
398,4023c2869cc3be77ae405fc5d57d65fb
399,c468fd0101e5a3e953079399d349e678
400,9c74e046a68a1780d9e36cb98a715bc3
401,04e3400d3a2f620078c566a4a77cb02b
402,7609ae952661028b09f2f86a325389ed
403,66686136994cc3cae9c840aa42d5d3de
404,fd2376838a61b7f320757c88612241d3
405,4ccd59d26492984294c6ac54a5c361b7
406,063488d910849ac09fef5fadb4047c00
407,e0dc9ba0ddf12a1d558183a3a9bd2c66
408,38587353516dcadbc89d968ec2ca5ccf
409,560c0c55b1fea60e50c37720b5308787
410,270f46a88c914d8a1777938f0aac79cd
411,546656f4f144c0f28ab9ded4e14bf44b
412,34ddb5a773bbdc50853afa69a93326a3
413,4681c45d81068dfeb9e62c766469b05b
414,16d85bdc469f61cf3bc3d21a59c820c9
415,dc77013125f155f8470f433b738e8ae2
416,b9c23dec4427a1acb018fe8f77eb4883
417,1510537028c8acefad8e9a3f23ba9f07
418,7dad27d73f09f4c13464858d9a24935a
419,5e3d7278e1418b326affd1cad252470f
420,bdc88aea8bd8b7e0468da4afbef04e2a
421,0772ceca8e7de9a6b38ed6323b3ccd84
422,c01b09fcd018cc2026d377d0d699e915
423,200e336138bf63e0c9d0dce49b16711d
424,809b130060fab335beef00d67ec4d607
425,c9ea3306fed4c9a8d3f968d981ccbff8
426,35b80c0332e033b7678494474e5044a1
427,75d67f98aa33e9b8ad46e27ad0dc2edc
428,539b8aecad6cdcb0d608ecc9fbed45d5
429,8933d39e5083e1c7d308908f69777f76
430,a3251b56af343cfb8b7fbddfb5f33fa3
431,93755b31250a26ca02a6ebbf0478ae29
432,e0ec3a9fa5b35828d453e98a5b88d90b
433,aac5b8c5be84d62d0a723983f7a9a347
434,00beafa9140b966758f77f4000dda223
435,17d1a6d37829e01c92f3e1d73215c904
436,95375ee0097d0f8e83a577c377ceee02
437,47963965d8a57ba34aedce9ec0df00be
438,00f126b6ffe3c62001f09c291790a023
439,5e1bdd576d5946883bdc3aa0046c7be4
440,5332421b60801aa011dbae2341043637
441,2207da06048c607a857a9b56f58c2802
442,0ba4022b5235c91677d56f7a7d32d3b6
443,d83503893e0a8eabc8fb42dcab28c4ed
444,3d539320665874129a0c25f8bb4a1ea5
445,7c53de168d42067e0182af68a31143fc
446,5ee0269e2bd14dea1f94a15502d3d10e
447,b397c6ae680467c8f5e4adac3f90f077
448,fbdd2cc993a68276b548ca0d349fb65e
449,765a348a72eda4655771a0186390a290
450,1e621e60a68c7a348a97ada70af3f97b
451,716aebb73f74cfe359aea681c56a9d16
452,0bba6c4c1b97521a17987d10e074bfb6
453,2115fdb3e575c487bcd5a77e505f5b8f
454,6e85c101140029927b7344032a893985
455,2d75347669fdf67b4cfa0589fae4ad9e
456,efbac0480fe2534a53c7fb0418c55e90
457,ce646e64f78c50b076b2be38253e6c70
458,dfdefabcd41ce57aaa2653283085541c
459,4a8e0044b20d60a0477b07b21c7eb473
460,1261c1d78179c3c32cdeb70fe110af40
461,b0b2e6a2b673c90ff5b42ab21e3032d4
462,cbd494df5afdf8aa06d857e1e395993f
463,199f3765e53ad86f84277e0b513b980d
464,5524cde26d2da53e5f405050002575ed
465,dd9327eae8de7c903e4b1cfeec50c955
466,ef9bc39ad0ccfd485ba8b5efb3e25887
467,6da4d855ecfe2eab060338cb72c4cf10
468,8f6dcd0f891e46c891c73f688ec34bfb
469,edaed36d39f9a00ae754b59c3de9018d
470,3496e71e5776ab80c7d9b52720b2609b
471,ec0cc8ce6590c2731f386fcb6bcd3d2e
472,d96e03241ac54638a0831e5a830e772f
473,8513d02124f96aabfd86b610116a5f5a
474,21bf8fe6e0e6dfd2fcb35671711539fc
475,81056c7b5518b336437e8608d8300536
476,bc1eeb1c0e7d1522e9144d359b2e56b1
477,67f297c375b042f84a13cd5cd84d6625
478,fa33382767727347f67265cb73a92893
479,8caff4d29781b32c039bdc7f927b66ac
480,2665bd6787713c5780e746a572cc0dc0
481,af1e1db6c65e943431f971b4db9e018c
482,de98838556e21ecdba411d26830d07ec
483,c041f19e725b8491a6a3bed7505502a2
484,f53d0576c19967d71f39ecd65375f9da
485,d9b1beb293de876e5459731ecba7f13e
486,478f3601d4d2750a2982004f1a9b2822
487,a89b9dfb0faef0d8f32bf6e7b9775644
488,a6b28d7ee5864989f08951684842654f
489,49640139a2fab4d461d1826d25712f23
490,ad066571f48123a48b45efdac2f75d5d
491,3cdee502ace4efa68d69dfac9b647e44
492,aefe99ded5b732179d2e2dac72be5618
493,ed136c6ffc033fa3d3f17348f2fbebd7
494,08ee8c0b075c48cde005c312ce1779cd
495,ab2c7f37f2a486a4c76f7f7c4a298325
496,6d38f1576eb80d087f8ede4769b4df68
497,ec17f10e153a9c125fdc9e7550c1fffa
498,5f182414397e735a164d09d5e1e63927
499,35d0b703262f8adc536fcbba3bbf968e
500,41a8632095dbbe685a91a758187269b8
501,7723efdb2b5953011652d4e6e520a27e
502,aa1649b3b14062eac23bc1c9e6305a6f
503,78421488d31e6b521257d568b568beb5
504,82df8be296a5b115a06ce76dceada81d
505,958d9b26707d1d8d8b1e15f8007d2b20
506,de9b69c02164208b7ca700e26684b3ac
507,5e597f0648aaef9b1a48e122057bc4ed
508,7a9de0dc3582a9ebe37c64cbdb4ed0b2
509,36d080f4811eba276c65512a8bc2415f
510,2de5a52b66f618acf682c4c786af013d
511,29d165a9f0529717f17494ac93343e40
512,ab5254d0a1a7595e30c310fe0eab5d27
513,8392a45d6403972e3d40c23dde5ce77b
514,805dd9ee77171ec7be5beb591b33232b
515,61871b83bfb725bc80f954a08a31d8e6
516,44e00341b4972f66d98e2adb29a892d0
517,a3d3b0eb95169b77b588be7f224fc43c
518,8ebe6fa0d8193747d5f4beb766c562dc
519,9b01d8d7753aad150f352b26c5d11f42
520,b1513926bb1e28db9e45f75beb7b295f
521,95fe188b7f1a951305d3c62d42b7508d
522,d5e58a27f059701eff9a050101a79efa
523,86baff0e01c56344e6f2ad128b0137bf
524,0cafa6fd5ed29535754b2f2df68a85c1
525,cc2fa44d892378be6518935cf9136484
526,06c5516d158f7f29cd2bb2a07fd8af2b
527,03989e723a0f172d8c54e6e23820e0ca
528,4656b018db466d9f4f9761446715909d
529,75e4df1298c0e2989be0783b04b306e9
530,9957d26d28b6af32267eff88fdc32f5b
531,c9df617de811ce60af77b2f7eab060e8
532,7358e246347fa0b92b9d4355be78781d
533,eca41442c4bf9b5eac9d8958160021c4
534,11ba8a02b9199598aa608dc0db308aca
535,f12b0fb345848f4b4d8a532e2f892b5c
536,19a5b3685ffdb4f76781cedc3d1cfaa6
537,3a8bf50929deb236df49ccc92c9a6428
538,9ee873a8f531098bd8dbf383a1b6ec84
539,eb83fa84e5672a352f4f825934985916
540,643594c260e568720f53d2593cd16687
541,71e753ac5d225d480b45fc7c516881d8
542,31c40bb07e29f57434858cebdc5c4346
543,b8a08e26c0f2611cfb5a93f34b4b5223
544,591b06893a797ca11203546e543c2687
545,0f996c7fc02ed5bc8d9a94f01f6d49cc
546,84ea5560292133acb2abcaf4dfcfe749
547,197a419a8dc8eee2fc937f6012b578be
548,552be362d633a46f8ce288a84de06bea
549,eec9de375c8ecdfba405b5a4a088aa7d
550,4808af33c2711d390a3d14cb4b11e4b1
551,0627861e887caad47417730b7d785549
552,d91ecc4dd3b89f9e78f49d1e42fd3ea0
553,96c2869b2913f71ab69e36f343881693
554,5c29fa59178f276ed0a8169298e7d762
555,387f48bdfb4a533bfcea7b5ebc435f60
556,faf90f8619581ad023ab3325b6e15852
557,51921c2d09c697f33cd941ad3fa232aa
558,2ef00397926307a769e1d96947ad2959
559,afcdd4a3f5c9c72ad634a513761c624f
560,8a206bf7e532554886770da4f41c4e2b
561,cc2e47d11cf4227f58ddacef858b9acb
562,84c679488b8a0a0220f89277204a6136
563,3b69ce816cc3ff67b6f46fb095ce2cea
564,6ea363d331cb3780c7fcbea6a11893ce
565,5ec329aa68a59acca1e2060fc1ba4370
566,ea311dd3166acf96157dbea3b30150ec
567,4b828481e83a684dd6a5d77bcb52b37e
568,780dd6f6c20f354946d673791bd10243
569,3ef96a41de1edc48422940575a2a6c1f
570,b14a6c5258360c1afc7409d196d40323
571,1fa0464df43d8562503e86e9fbb75c2d
572,ff76ee5852dc636a0b5429d4af5b8d58
573,cf2f08df806f6159d1d25651563e2ff6
574,03034be70cf5e745886235c33bf40d59
575,caafb5bb1990d58d81e777ab6fa7ebf3
576,5b106158e8a8cdc6ebf22ae2346dac9d
577,ccbdef04cb3a53530a8c69a7ca921462
578,ead7d7b88b54c42369127a38ef909fe6
579,ff3a797976f3fc207bf2dc6e591ee49a
580,99412598a4cba5f9740618071bcd3517
581,6f47e219ef95e2a4ecdea91b79f8e5d4
582,78600d654bbcfecce62b226c622a742a
583,6617c472bacb674941e19f62c60b0ead
584,ce9946a164ab78e80d761a21e48e5b25
585,ab07f097b2bbcefc1d05bafdef9599c7
586,59e454d04e2f19714084fdae1e908651
587,3e38a462b114e19798bd046a6758a3fa
588,5db242196ed62d2f52145064372c5554
589,e7c1d7ed81f0e93d64db270c7c17fd4c
590,ed5cead302703f582de13a326e9e1b70
591,8dd7b323c18e21f2e28fbf568a21b258
592,f668a2229956051c912d331923b43ba1
593,e9555b9de266dd0e18fec13f96e5b783
594,36288eb1a01096f70e5f9348eea92f51
595,3bff02e6b9dc88657ebe37db22dfd4ab
596,44166f8d1905c51fb917a5c0a4062788
597,f480642084876ca39a08cc28440b31a2
598,974557d371841afc2c42478d701d5ff2
599,b1d1002273273b2dd7f0126e08996e9b
600,b367b5f0eb1580276b2d4426c6a92225
601,282203ec3709b5a43770cde167a40ccd
602,d83e927685d4866ba618f66175833d37
603,83a61b7ca1bc1d578bc95d8b8cd1ad05
604,89eaf521a07e3bbeeaa23966e1f344b3
605,23ffb7d60f1515e6d4b1644f684b87de
606,e16bd20bfe44c09cca41e3e721d49492
607,fcffbfca5ec6cac3d40686f00003ca3f
608,ebb1c4854f4f2ba54870aad51755fc04
609,5ba6626b82b1a8fe71ff977e754d967f
610,93ae6f0476fb5a45c54dffba6900d018
611,873b21ed378b800e630752101a023c79
612,70dbbaad3ad198e9d776ac2a3866ecd4
613,462cb8d459dfa6b414bcfb18fc586b08
614,177cda016912e94f85c689dc6325e140
615,8b89de5e8f7ad6983d2baa53b84b8566
616,273df850d6e5363f046be61684840d98
617,da61d1f1e3251256dc8c502f229da842
618,32bdaead3c5088ee3fa69712206aabe2
619,b9f5ae38aa2055eb7c37bc9cbdde3c12
620,b9811217e30ea1197c95ff6e115e8802
621,86364152c234030444a725a2c2ea4c81
622,65444368921bfc3e1f756474e448aafb
623,b8b030a7ade6bbd9afb9f345be9094a2
624,3c77d6c5dd3d1e509f6f84957beba5fe
625,b989296b22e1e3370af0d797857b9200
626,9b8540189af39851e57cc568d82e825a
627,ca4b87c6a49e78147762fa569f832170
628,3633f6c2d7f3e554bac2f0b685fea996
629,9b8245e21dc0f8e1b0d501ad920b7af0
630,097a4ce5c09347beda28ef2c86d903d9
631,6f6b1cf22a924da54be8dfae7b9e6871
632,921fbf669e3fd2bc111d89a99d16e711
633,a9e816f7b2b19e810da0c749e423ab71
634,e6af6f3358f8f3e7c23aeecddabcd905
635,8da21225db0c6f650282a031e1d69cc9
636,8c790c8d7e716d22c4a7c70cba125883
637,ebc2c44087d6771d61116bf9031e026e
638,dd4e9f29a93a57e92ebf188a0a941b4a
639,1f650e053c4b4d410ed758402403f43e
640,d64754f237b2721b3e247d3db9b8718a
641,190a998dc3883ba61eaa8e6b2e8b3091
642,b6d65a9d1494b6e0cb25716852e69edf
643,a743972420d76d14c9bc72f65da4d7f1
644,fad8aa535785548030a7fd09b7104f05
645,b146aff50598e601609725f49fcba4cd
646,0d801bcc5e124f125296f9644873b15b
647,bde245de8992f128c0d4ba1c682bceea
648,c2984266a87374c1daab0f2a3d2cc27f
649,2d5dc5d20fda9caa71143f7db15fdfe9
650,11b63d678aba36ca4e7e61484fa693a0
651,dbad96541b057184a587b634d84a4d21
652,a239ee4eea736119b518db59f0820f2b
653,28623a794a8067da18116fcac02bb9d7
654,635acf453466ab55f8455d39721c2198
655,5c3188600ef63e121dc53c8bb7cdaa73
656,a0a21956342edcb77cde0624fd15a955
657,97b22d467f5a983c0fe86261a2d9c6eb
658,521f6bbafed1b7d5b9a5c4cbca6f9862
659,d48f98d29cd913c9a75b6ab14635bae7
660,f2d2d17a9da42a63c4553b3d9122aca8
661,14500a6c86ed2277fa48c0fd37e3dcf7
662,e91a5a9fefe44fda9146b22dd49eb6d0
663,8a73491c5c52026641083c40031c0276
664,d9f4b7e8def739b3fa3663372790fcc3
665,bd565db028b4a005672757028bb6b106
666,40a1a0d232bb9ebddaaf13d6ca813968
667,5ee8b7cefdf32eaa83dd52f4b3350fb1
668,c3a1f2cc0a6ad847507a94b395f43e6d
669,174d8a5a92d5049c13d62296daf29d6e
670,34d63d8bad3d8d7e5138d8f52ca2be0a
671,538f7c3ac2d15aaa3cdb0452c12e75c6
672,d07f44e34e58107e326ab9f40c6ea621
673,946ab26a9d6cd8dae7c82a3ee2188c15
674,3d94d9769439d6d548f0ee2be8bb350a
675,05fa9aaf48ccdc9dabf403bea65431a7
676,86a7baa0935d3a51e92a02d25574df0a
677,89e9d347776cb6cc372ec0f83a430152
678,0090af474936c78d3e58efde26c4ef23
679,360ccb1cca0b6a574c9b49a466c886b3
680,cfe57b582f09cc7082aa71dd8b2721f9
681,0325d498ab59a5cc440ab2dae372e9cb
682,49fed08c51c27f3a119881444a4ac0c6
683,49ac930c9405a4fa289a043b6f892d8b
684,f8d91f4c5979371a6a3c6f5663783ffb
685,c95838651053df5d6d57dac898127992
686,3499a4a924f788522d7dcc79454df646
687,ad632f76c02a8affedb7f544c8a89ef4
688,089b17fa875e594e662382729fde650d
689,c3b66d172e6951f3191806adf168ed3c
690,621e20a56e73308d4d6ef73f61a3b729
691,63606d053c0efc2e1947e847a0191476
692,1f27018a40ccd40a268008c270dd69da
693,d3443380714d9132507015736e2015c2
694,bd8e8fdd7411365a94f4f2d8906761be
695,a985ec6f1687ec45de9d5d653412fea3
696,ef81dd76e0a0316cca69af3fcb3feb63
697,d7a9d41fc7c46532fe06df8492a299cb
698,3f0740ad949a811bc413936501c24542
699,b4b17d51086d7d0bf9d4bd8eb853003c
700,5a4bb8eaa6cb28d85408a4a378ca0f8b
701,ebe40ab3a5f2604e53c73299091dcf23
702,e8aa674f82da25ad7c7faf9bc3fa5b48
703,e79af0a91f8908b8fcc12ddc226263ad
704,d1293f392218f089198ca7d3cc526324
705,b1b7d86f3032e620a4138da49c9b4df1
706,78ff7533e8e572dff3fdb7022629c78c
707,8baf72756ec60078319f6184f34267d2
708,2ac35f651f04c82f769a3c316b1e0b10
709,778778d68c5931cab592930bb899e2d3
710,a04fabc7cedcefa4330ea808da562de9
711,20864923e2556a52391cc3c7c0865a1d
712,7c9ca7cb510a9bdc3fc7f5bc1ef7d20a
713,17942e7fe1de2ad34fe7baddae8be9c5
714,610fb4b6121d469318a74d44fda9f137
715,4e8b2273d68ad11d3be59733f75f2d69
716,1ce65f004c1f1b13ac1e64932561444b
717,5e161fa1e2e02a02c54cba0391e9907a
718,7821f7e7bf1511c94f7e15c46456f177
719,6f5cb41157773e09d754f3b0dcf66121
720,138c74728a17db02fdb772fd1237f993
721,f16ca8af7791c888db13a6d923c25e0e
722,e5de42806d33b0abc2dc3e368fbf02d0
723,54f66f61c4b18be2e2245c93538d681e
724,2139872968bb72a1671cf87ac60c08c3
725,dc9ddcea12a90033bfffdee49ac01b54
726,1b55bd10639c1e129e1708bfe2bdae8d
727,1ef5e95cb445e3bb9c8354e6b4a32b83
728,bf421cee18bcde51045be6e745b6cfa0
729,8cbf3eeec19a403c3d66017f878f547a
730,c59b1c9deb16fcedbfb5e183ca37a683
731,0b83c54d5e81c11b6775ca0d30b079a3
732,9bbe2650f1be499b080949a1281c746a
733,7b826c72f4f94462ba9d3bf4856bdbae
734,70c03e0f2f0f1d460dba959fe53d7428
735,1220660507a894713d44540bc6864412
736,9da0cde511f644bd262d65ae3df04218
737,5f4f1ea29bb577070920befbb7f6e811
738,150c135f1b210ba8910871577c3fbb0b
739,86083872ab3fdfeddbfd2d887bd0d98e
740,e12941ceae948c373c89d8b118e46ea5
741,9628519817d1729904c214188f2cb530
742,59dadac518eba8d7cebe6d4db3058643
743,2d4faa3e9d29c92b06903e4022d49f97
744,0a49a5de0cbb59251599c6deb4e817dd
745,1c9cc964b57b2e06477872bd4a911336
746,7fd0b2d5144714fb76c0cf78e6e2e3c9
747,27ddd088315566098473bba4dddef1f2
748,2491b12b2a7ac18447d682f4be3d2b47
749,d05ef85206977cf96598c3513408b06d
750,5f5a61e00e675498e78a92602f643766
751,324baedefdf0803be83ecf686365bd12
752,9f18e1fd2339e526d3dd57ef5047c663
753,29f5f26d5dff55bfd4666c6f9b7701cd
754,1e49ee87e8ee7b95271ec39ddf380772
755,7ed89849f570998f0d7978994e31c8c7
756,64f23948aa5daefae29fe25fd57a0c16
757,90dca041611ce5982af77b3c54dd098f
758,c58ce349115f13e89cac62561d9734fc
759,e140cc121e619d4b4c1b454014257cfc
760,68487b28c5f427ca185dd310686c587e
761,95fc247c5fdf7747b5a1185ad3e487ee
762,565d0897482bfa4c88e480db9aef2c67
763,5467b3cffd9aeeb8173a929adc6bb0a5
764,5e5ce0574e659063a3527a37d41330ff
765,428df5b88c69298f04ac03b81878767d
766,26cd6dcf9a3b76b8b2ae93750a6b7335
767,2d12606e34d162abee1687add4367f5e
768,291a6fc77d7105ba744aa58751aa9b23
769,648a67b2d5c46dbfbd3f5a1cbd7d2eee
770,bf5c3bd0cb410c23407211aa83b505ed
771,3ceba4954ca5397b7dad2f8d846cef9c
772,e8469c5394178c8adfc728b7a5df6809
773,6cc973bfef40d618d04be08295cf144c
774,dedafcda25a26f94550d29a3b160d580
775,29035d738851b9c0758833ae3307b5b3
776,1222cf3d7ce15fd97cfa4b66a4082bd6
777,696af48d6823de115e7f60981be5a4bf
778,ad8a514a065a59302bb040849c1a4a17
779,750afb40f163bf7b45f468f7d062824e
780,db3e9c09ea26eb28b7ccd10d117212ec
781,f6635274eba93ca40c8200df8ac69ac7
782,8cacc9ba1d3f13b886394ec36333aa5d
783,a3ec19c9df726791fdaf22e068db721e
784,4a386d19c30e5eae1734631cb68f9fc2
785,de46569f064c71d9f9032800f813c662
786,fd0e724122c57df0a3b4641e356759a4
787,d80ab52e1a16a12889b179a6fb24fb1d
788,4210e9fda9a04c9bfd65b9ed87b7444c
789,5b653553391b7082bceb790cd90a197a
790,dcea341922feba1a9d78933ed0242fae
791,7155bba48abf9ef49fdf8319359aa6b3
792,f34432f4de9bad8e3f9cbc82a1bfc479
793,dddcd0b29eb99cb709592689a4c4e15c
794,7b94f90f3df10c09d332841666588434
795,eaf3c55ade7fe8a7382eb95763d84524
796,274ca44eeea4aaa5b8d7e11308ff43a7
797,0f406d7c2655e54976e7cd4c74ced5c6
798,d3aac86cb8450ae36d67a14874480453
799,d94d57546115f7c1641fea4492002876
800,a9daf46b448d14a14ea2641a33b90cd0
801,6f49e2681136280dd7a3b755228b0fa2
802,c303a9988053c201c9a5f912b459b141
803,c7675d90472e1805509e6b18a00bd915
804,f603d20d6bcf80e005380531810a74e8
805,dda570b03ebb9efc625f3bba84270375
806,a6e18af86beacc3986f76b112eecf114
807,5585c0aa483a9f1eca814750f47dc809
808,a872c18bfab7b978ab33354f8d5fac3f
809,411eb644a00176848e2b86cf8851925d
810,145f786160501d3c04095f3e9b94a324
811,dea3ab10bdbe544b2504cb262676430a
812,d23f89ede575034d45355af4490496ae
813,fd9bb7e44a789be9478ea09cc529782a
814,98304fbd668c724cf441fa1cf3779e3d
815,2d7f98d696487e9377003fd9c00c4081
816,993c33cabcd07bd006266ee003f7f03b
817,9869a3e3556c4ca81dd2a90459311f27
818,bd09b5674eb3173f2137cf8d29f0cecd
819,1fd7c9e48fbb4ebac5b971fee7e60d34
820,a300a070057cd45971360e7a53ad8bd1
821,5c1c0779632899ad41296f59315dd38c
822,0e9f3d458c16d02a692a9714d26c2585
823,34fea137988c652e571e1e8e391e526e
824,76ad9df71bd6669bbb002ca866186050
825,217109142912fe5d40991a2adc6dc10c
826,b20c6b51448d75710757163dfc23ab8e
827,5dd7ddbd26f94b6d58ccc2fb164d7dec
828,ad2e06afb732af4ceb327acb3ca27010
829,903fb24cd77c898ed60c1bf35cce1d0d
830,cfc1e696f8351e9aa5a727c962e99d27
831,9dba50bc55c47b378e1f179b4d7569b1
832,32fa21675f326ecb8ca9d90eb61c4fd6
833,7c8198c6a326c4a6c8bed79d288b1069
834,f9423cbaf13d9ebca2a675f19b5d67d0
835,a8ef34b709bc26ddc2b6e112a16bcca1
836,0b51a67da03a25ba62356590c66b5a0c
837,8ca092209c7a6697c3e3fc08cc43148b
838,b74abceb712a2ab646a612fb754b04e1
839,e1a42aa875acf24e95a0c2c916f80a33
840,19e591d56ff78043e1288f87525919c7
841,0729e6163f8598ea444ebde271ae5b8d
842,8f35fbd20c95da92903bd769800faba9
843,5a616d49acf48808227beb35e2ec3164
844,8a70f215c59cf8dcc3c1cf4a0b8aee7b
845,104473bf314c0d14d9cf9ebdf9fac446
846,52e73b58af7b821093ba82fe102e8557
847,091ce484516c908e4d52da630241930e
848,193dc46ca307ebb64cc6dc3c725fa6af
849,aea2fb670c6ace57b367643b6b72c08b
850,4438099f02c71ad9c9e4e966ab40f223
851,54bbe1d7fd5a7996339e502551c2ffe0
852,098c7bd84f1230ede39811cb98cf8d5d
853,92e40d2efc35566873128abb3f01f323
854,cfd34ee7afb320bd3a31b4d1da083ea8
855,fbc462b13db037b7e45c69ee601cf110
856,d608e27f228b70fb8e34bb872f41b7db
857,882dd7c7abde469b303c5047aa24344a
858,9ae14e1fe62516dbe816f17f92c6c25d
859,e38d6f042ca1113dee97b6a8dd12190a
860,3465978500e310240f48a77d3a272d74
861,28fe08753a57905fe02fe319a76cf8fb
862,1c2a7dc690153a216283acf3a40ce68a
863,c4b35bfaaf500c56b56575be2b75f4bb
864,30e2a17c1f02af8fbb553047531e7aca
865,0c04469b64aa3fdd92ddbd615a67f72f
866,cd59a880c2c01a0e96622bf370119db5
867,a4f74cefe50c0d7f462420b929cc2a97
868,17ec846cca138a92e4ee8d2de8c1dbe3
869,2b3e6e5a6ae1889fae0a6fe5c6bdcd45
870,d5ebce0fae4b5203610c06d365cd78cf
871,8596c55d47bb4b97e10d6fdb3f74ab6a
872,7a6e6b1368ef6b810219afb345ce2c95
873,aaba4ba2d9513bbed021dabbddd73833
874,0e88b4e4c21288c1c9ac81eef8d496fb
875,66b2e1016f1bcf71ee9a7c29c4e62b03
876,6a4e1dceedeaf03fc05a21cb145045a6
877,c89fc4db2bc54afdaae86abe40b39f0e
878,7708d7178dbab8ad13162f34cf1bca7b
879,df4fe2e39f3fa356a945e15f0d2502ee
880,4d37d458e57861600e8da61d5c23a551
881,549695ddbeb965171778aefaf39bd038
882,468b1571b2324824726f8d8c1153cfb2
883,6c17a2ed8496f24ea890d88b19c211a5
884,eaa713f61a50784f02cebdbbc40de898
885,4de8b1c4112cffeddf52a19af1f0b88c
886,fbc56aa6791c8d2f34bf68a1c9d2d7e9
887,404575ba6ff70c1bdec5940d686b27f3
888,d8dc8cb57e7561e1fa46c1956024ac0b
889,6e9aa2a8b975418c01fb305a3ff6d35c
890,cdf3844122e0672bc18b40e74dc8b702
891,544305dbbf9bf5db2edc01e4c2004cfc
892,fe12a600b63648c8b18d11a2df91571f
893,921b1f14aba8823b6bff60e188ebc988
894,f198ad20068d8ecac86956e144cc6e66
895,6dc24af8241d6c795523d92f2ad7c1ac
896,eaf6273656a1fa6719ee6d2574d691f9
897,daeb57fd21c70b7225a74ba244facb13
898,5e74a0b728b8f7054ed5d3369755e30d
899,3332c6f3fa9df77a3041838c97fff6c7
900,254e28339e503998d9e5b5929629a256
901,faff4d0d311eae3b4826048edd1048e8
902,34a2ce92571b2fe1099b95e40cac7653
903,d7895f5fea367b440feaefa602ff0c06
904,6e10a53a0fc2802375263f48705b9b9d
905,bd11a1fee8e410890a34540f72f1a46f
906,551818efe5c39961836c836f0ccc62b7
907,9f8e92f50c2645d484b88d74bf0469de
908,8650a2380dc72f430b6b4e084392fe3d
909,27414bce2d1f5fac44364345f264e5d0
910,397563929e274746c7a98973641766fa
911,ebb4136b20e561c12131cf662d88abc3
912,4e7e3160b7c95a1e65e297913c3b4650
913,3452a15aa8d06647c16ea95cdcecf6dd
914,2f3e040592e591d61e99096ec18d0903
915,bca2c18b83cf4c8dfe98efa666ed056f
916,6d110e7d05b8b829d94a4f122f9f584a
917,d8c8fb7e7bbeaf089389815431fb5d48
918,6aa609d62f3417b7afbd1c2d4eed9801
919,739b4bdcebf74e8ad81b8b6d18be4092
920,f59b0f745adddfc7b7e24f8807a91df5
921,7beb4e7ada0427a8adf0d5c6a102eaf8
922,90c5902854040716185bd12c4b5de688
923,2db37e461e3308b5103cfe84ffd04b4b
924,fc1ff615a20875dc0bda1f5db718395e
925,b56df4bd45612ba2302c1aa6adf60146
926,845d157442b73a0f61478291c0fdc13b
927,a8451ca94a908cafad0584fb2bffeed3
928,efa388e86c72764dc4992568c35ed973
929,df457d6e98053ac113260438006e0066
930,dd7c0c5b33c12225fe0a3253a3264cf6
931,f32af873c24b880f2a1127ed81fc41e2
932,405bb49798cf6556dbca2748ab17082e
933,fc98b8c287427313758a95e8726f716f
934,1f4dba895463c0220fa0bb47b6d71d18
935,6a20d2994840bcc18f4a92007d5fcde4
936,407102825e8f4b116417c3253ffa0140
937,3aa8e21a02b2575bef0a8c2078ac778c
938,8b12bfbfe5f717ddb3218eb572f97345
939,e8ffd42ccedb8fdb1f59feebb8bdab77
940,4e7f4b8315e6c08df05916ab81497ed0
941,08f55ad7d31bf3d7e0d938846e3cff4f
942,0558939c770bfb3c9bbce3e6e3375a09
943,5018b86dd8da24c5c22f57c903fe64f7
944,f323ba9b6a919b6622a0c2d24713876e
945,05d1283ddc3a7fcd70b13fbbbbbae86c
946,c491f20f7575d882aafd6abee021be8b
947,147ad53b1eb2a996139acf579852a17f
948,0165d41f9637612d333f94461724fae3
949,be7f5dbe4b12e126cf5f671a903ec51b
950,5b910ba31c423244a22a32ed7e400c4c
951,8fd141992801c1081ed3886eb2b08936
952,48551c13466a8bf4750ae6b7d7c822df
953,2536943478d89a602cb3c3f4f3d73d9c
954,038b424425a7ef7b2771db12f99269b3
955,8aa0b377fb052f7f4fd04292c4f5a7c1
956,046d385596372e88822610ee69f3291a
957,187d31393d4ce7eb20cdde671aeab299
958,bab395fe03bfbc25ca69abe2c50b95cd
959,9b5d874b66f2a83710346e55a9941d7e
960,8a0534f9a64dced44c266024aee2bc79
961,bd104ef71b2b345cab5e2d674bbf9bf4
962,7296b9e08b7679566d578785b462af86
963,59204e7bb5b13fa5ff71fe03867d0bbb
964,f2da676a251b58a3e04511fea8c01351
965,aead5e552c3cd648d69a303769b4b37e
966,fe35850791c143b49a2bc7d72069006f
967,aa26bd735d6c0ddea992b5a3ac51c6a9
968,254652555297242cc40da14735aee749
969,5d96ae772a59ff1ae4ff6a797c64291a
970,8c9a2f2545d041617701cde7fc28dd14
971,6ae662584b7668f59e5474a5caa424f3
972,d08a867f1919deb144542a5eaa421f88
973,89bca1d5047e821c80c2332de7ec4fb8
974,63709d25cf9ef7d439e7f090d4861167
975,42377826a3f35eea9980c1684402211c
976,91fb4a46610afd9ad14858c5cc5634b8
977,006fcf2b264977dc5c64fdbd121dc971
978,53be06f6c7f3dd119f89563cf2a5cacf
979,abecc6106d9ecbca0e61647e81085db2
980,c22e82f335e72569590d2ac5d8757697
981,1d9a6e3f5d0ab8f53e8e70d57364e28e
982,9351dae8d7e8c57803db9c1e525e3b00
983,9cc853be5f734d12355a8d41be8825a4
984,07f23ff554e2acd8adc847efbbfffd5f
985,dc720a6d2e1c0e3bd4973127009eeda8
986,c5ba94e0da85669174de19c6146a0824
987,485b22aadf744d874748683e7b069dfb
988,58b3314c5dda269a8abd2ccc90dfbdb3
989,7246738a4470ae77f53e62d30ec7c2cc
990,50e2dbc8609d19319102d622c8a951dd
991,f34d82802ace11b2bc23f22648bb324f
992,b37a1bb0850f10958c9d0808c8e4d59b
993,66bf9129f55943334971a030a81c897e
994,33a3b8104f8a692a88e27405235da355
995,3546dd1bd685bc81a4a48520c7ad8aa5
996,d69cca0caab5d29fb4cc09c2fa057cc1
997,35c434908395cd1859fa1578c5201067
998,26be40d35d2bfc191295bbfb5fb55c91
999,d389d31891ba6b4977cfd537a0c30da8
1000,a6132bd2a76028a6f8d61966391533f4
1001,92ff457f4acea00608dc7ef8a9dcd6e1
1002,c02fd0085eaa6837d86edef0c4ebb40e
1003,8f68e1934d3c43d98342af2913fd8a62
1004,2d20664ab0cf40142a5ff58ec83e1551
1005,fbb90e0a6d3357a0104e8b5f0025af79
1006,c1d788fa01c6201dcf87a965e7bde3be
1007,37cb088d79bce9e345d1d99b46510953
1008,225d957b26cbd9a5532daea00bfb0135
1009,a9daf065527cf952fcb8579f344c798e
1010,d4c68f7c702089d83265445c99103165
1011,12f43b5c13e6cc8049458dd178cb73f6
1012,061c2f118125b375340ba547f42c8b5a
1013,f93893d818618bd4ac302e6e58bd1fc0
1014,17dc327aa57f84333b87b9daf26b756b
1015,c739bc868970874f9df32e413841bd6e
1016,3e3d4acea8b2c6f59b993528840d6a7e
1017,a42278f2a86805a3b24eb9e721644344
1018,55722f1473c50ce0f49434c2569c0d93
1019,2ad257ab52eb4fbfb5108b3566b77b1e
1020,eccebd337bf738e193daf3b1e6036878
1021,c87600a690b16f1930fd9dcae2444723
1022,06505245bb9276a1d79a368aadeeafaf
1023,6efb095399eb67547008f4772d001d97
1024,9639bc84575c6c9e8c53416b60a332d5
1025,36c156e54ff72f4b753fa78a05942b64
1026,655578c46373861a8e0e9e5c69207c7b
1027,84d0939d4a867698d50e709b457a214c
1028,93a10b84477b5dda285d688dac9ecd6a
1029,aba9334e21186e7720b6aae670ad935a
1030,00d786d7597f93c77571b665751d3bc3
1031,7dabbc84b8106793b16a0820a1517f52
1032,bbeff5df8bbba629c603e77bce99105f
1033,c371fcb739024f2543bcee5e7bcea2a0
1034,85a53a00d890cc0cb97c78ad5c4e0dc9
1035,ca5dee6726adddd1ec8b9fc4e371f0da
1036,daaa879c2b662d0ed4bff4a62f1a49e5
1037,096724dca747f62d2478442f410b8c0f
1038,65d47367ac735ba41fed46e088864cbe
1039,a836f91943d64fc8b338885ce21ce495
1040,b40ae9e35c356df41948569cf2c33e82
1041,fcf7c99165128df18a5c4097549c156f
1042,6fe0fffe1477d6f68a8011a897055e2c
1043,bbff46e3b4bb54426e92fe898b21683a
1044,b8572b58c8ab6fb68ece6fcd38adaf21
1045,bf1ff5d98b8fea2bddf7b524f21dcdf3
1046,e2f9511b77be2aa67c694f377750ae6e
1047,dc9ba86b8b3eeea59318688d72bacd26
1048,f8618db3d00cf95713aab2c179065502
1049,794ae7d97fca0430a1729934e5e818c6
1050,43783b14b34a89d18953d267b7c52560
1051,886cdb250e3b4ec612d959df660dc25c
1052,0859fe5222bf1aaeb023c9fe8be0b7f4
1053,1e1076439df9de6f1a8dc90fa5750e3b
1054,654953504cf0279df2f474b2c9dbcd8c
1055,96759152ed11d4a31d6b76ae24ed6c84
1056,bbf1f67e39dd78d6b2437ceb40135760
1057,31c41d942cc3b033d9be925cbca24b5f
1058,67f63dc6efe2f376e57e35937ffb2f9a
1059,f0df4d195757b45e3c09fcc5d2587d5e
1060,0cdae8c5957f499df74307871fd9e522
1061,87e3d16018923776c07b266179bad6e6
1062,58c8245bf7dac0d999d49d1cec0642e5
1063,bb6175fd24ca6e0ff07a46ce4c0981d4
1064,9e416dac2839e53af781232dff5da85d
1065,318e183f010d51eddfc49837a00b06b2
1066,dab186e53dfcd23b8f246bbbcc21f34f
1067,b327116196c4c4d557b8c58fe46021e7
1068,37a45342d2a8e77017f53614c959d9b9
1069,9d7e53b5a022c36497706ec68b9433dd
1070,21c16b2b0014dbeef5dfaefbd24c5124
1071,21783379c8e1ad099d20116cef1f957a
1072,1640f5912d69803698c43959cb5b743b
1073,4fc3230bdba6e3cab9eee0f272a8111e
1074,dbc9c47db6516c275ed424652f972f37
1075,1e143574ffefac104e119822760868ec
1076,b6f7bcd8abac335d2caecd27a7472e6e
1077,ed9c36e7caa7cc8f53d5e934fb5fd657
1078,c41b636331e880c305a698f3d9dcc544
1079,67c90381f16332e439d5dcfe968a8347
1080,e3bac66e5e4591970fb73a0db9c1c108
1081,965cc7d998cbb29660e0e7a58d00e109
1082,80a17a53086a6a401febea05724ce41f
1083,7226dec24a571d48c46676d64aacf974
1084,5349d7b7f1e33a08a3ee5076a7fbaa01
1085,ea0fc4cfda5a9eac04317066f913de27
1086,16f53aaff218da338355d32ec614c3f9
1087,f15296a33046dacf59830a27d38bfc65
1088,a8fb6e5c657189523181c548eb21e4cb
1089,99e3950c01174a53d5e4ec09aa4fa044
1090,409c8a405732aebe11df39c4b20cae5c
1091,4b2b930b703c75c911147f44a5010695
1092,a16843a8fca10a8cbd25b216151ce3e3
1093,5ab141b78b52cb95396eb919f00f7505
1094,8c6dbf5daa78e7a97cf820db9fbc0492
1095,f1946c7adc161cdecf63aeed785e8eec
1096,100220b807d54732687c4344c9a1ae99
1097,7fcfb7cbb656d0e2c1ed76466b1bd1bd
1098,ca1f6f381254bd01f4283c454341a1f0
1099,62740e5cfb1b0d70a7b62a4f3d1f9d2f
1100,81378a1a1bea53e3819a6b659e599a4a
1101,458fb1bc5de710cd52668c6573c62448
1102,19abf02e6602176e59a5d8368336dba3
1103,0da94d092d62bc1a134f07011b93899c
1104,eb768dfc2184800290921a9c34695e96
1105,7c2de3ba94f79a385f4aa7db40f119f9
1106,689371d4e6c85a813b3550545e7f68c7
1107,f564aa7134f12b4ab0537dd5ea5c7e01
1108,8dd2111a78166dbb6c02e1a70002c2b7
1109,8dd191cbf23b5887acaf56a8d88831ab
1110,9e7101f0547c8cfe469b177c54da49e0
1111,f450b14d31e3d581e3d2bddff199243b
1112,0972b54134f540b0af11308ccbe7d46c
1113,0414044d349238f26e6a7d9c2a004fae
1114,9a2da11e446dde2b198417a96641b033
1115,93e24099a9887bcfc3f6adc4fa6a5009
1116,f64d6b11ce308c2b69360ee51414a332
1117,a2708ad9fd5f4e3ad9162067c66e55bd
1118,c4d0a7698a3b4d83050765ab86cebfb2
1119,0971e75b6907c363178eac621bc20937
1120,d7aefb8ccf1ca6dc424af35e2b7b6480
1121,a373c3eddcd74aa66022b2fba3eb9067
1122,2d36c0fbf680e8b1ab05a3f88fb251f6
1123,6ed1de185816ecfc3b2d8a0fd86369e3
1124,19f14bca7e49ddef4a60ee9cfe14c7ec
1125,5bec3c421a35645cde88f82fbb42361d
1126,f770c58cece3b18e8bd9c871b0457acf
1127,feb22a6bdfb4d9e0870d1d67bfda582a
1128,769029b61beb8892bc05d788f3728f58
1129,34de81463a434bb63fcebd2d2996bcae
1130,a6c388d1c11db0cde038ba6101bed2dd
1131,24b81cc53e19785c1d043040a51ca91d
1132,e6684419ee18b97f3db751c439c85d64
1133,be88d79e34bce20da0213a822d791e9d
1134,69db6ce8fca447cad6e0a7802511a142
1135,f6f9919e16dd8857f270905afe4b94bd
1136,1769316c2c0b2f508583b71c28c77a31
1137,3484c2479eb9bda6d9b5c540b372a22f
1138,74625233378c9b97bfb1a193bdf34725
1139,614869e6c0b1c7dd1f49f454ee921f5a
1140,4eefd2e887038971ab1eb90a1f37cbce
1141,256093ad568f555dc57e81e9e9f0a79d
1142,207f103c62977ca91d2c77d004888c04
1143,6541ca8c9315ded37cbe29ff1702bde1
1144,583f0686f052d44374284e5d364154c7
1145,20d6256dbbd303ecdd8f7bb8b5fdfe76
1146,f505cb227ac02aa0baf97f8f7947f730
1147,b09dd5f15e91093ae2728d3bd075411a
1148,d7d93f49560eab053f4109f2d5d5bbb5
1149,99c1c696e977bcc439c168f9e28b1e66
1150,a303eb006f81395ef55b2bbf047d21ac
1151,b9f5261b595b132966ebd18905082316
1152,f1b51990a2084ab803076ea2f79f99f7
1153,70089cc30879b2b5e4177ced093057b1
1154,fad520cba803d28c5e5200277ced66a1
1155,54faa681535454ce7d973203731d17e5
1156,8558986902b24e02f46de9c8b646a493
1157,a58f4f960be1a0a63629a939d3e8f193
1158,31d9f5dcd309550b9f00b2f1a0310112
1159,d680aaffa218fc744da72de62947a22c
1160,8ce838f085550224e26363143b01dc15
1161,83d103f4a6ff1fdc15a4a3115575a19b
1162,04c0861fdd0f9aa124981b9e1692b10e
1163,d1d74c67937941242cd3b307173aecc1
1164,0f9572c0a396ac691bbfa3338a3ff2a5
1165,8b6e94b343ba7d020262261134e2a870
1166,15071a3791e45a3845cd86a0ace6f4a7
1167,779bcf7b55ffe97b0f4c715a861fd748
1168,41b9430b022d9ba470b6b922bf26199b
1169,dfd4ffa1010200a7bd29699f19610289
1170,b9affdfd1bc0b37de3dcbc39d10503f7
1171,9a35d613473aea4f35653188bdf675af
1172,e63375e221a97206f6d6ec8befd35a32
1173,817038eeb6719a26e8d352ad1226135d
1174,2d35f2a693ce3ceeb03d6452dc588c36
1175,d3ec08849af9514db703522e88935eac
1176,57401f65950f4c1bfe690577293e0996
1177,7890df70ffa6ba16c369d8a32f104556
1178,3ec2c78eccc81c809f16cbf58f4ac4db
1179,e0bd4816abfba97f7e84349e4d51f9fc
1180,9ee245faba45dbf41ff6e8b899dfe9c3
1181,31eb1a5d40a0e26e5e4b366560b823d5
1182,0d9041a9dd776cf161caf1f03640f025
1183,0908927db96f24d32855598e4b687828
1184,1d896ab094c236a4c9ba2b2515b43c19
1185,e88c90752ccc3b9ea4a2d9f0be6ae04e
1186,59f509951affa60d997632f0fbc09b8f
1187,44fb935d837e82cd09e19fedae14f5f7
1188,f36f86861143fb59727e647498f607e0
1189,106990b0eb2f8ccabb968dc4bfa520c0
1190,79625f4bc4085872ad8c068e51090d07
1191,777436ee54f65d5c3c7d6b3f500cf34f
1192,d9f71d3b113310d0dab452d9260d469f
1193,6dfdb231675d22408fdc9334dbf0fba0
1194,f17d66c1e9f277543dd9169b6aa3c663
1195,1fa714374b7221e06f2a57b835411fde
1196,3682c9aa78152b7d57cfd2c9ca67c1b0
1197,c3415be87d211809b7dbf659b46b9c22
1198,bfc56623d10dc7ab1bc193cf21d7634d
1199,4a8cba52834ace9e2ecfedb57f8adca3
1200,2bcc54188465962b21de4586adb3e6f1
1201,76d3b051c8ee8fc7471379fba0222914
1202,587619afefad9890c4c08f06b3a37aaf
1203,d49fad4b0b43924a811317e63b572cf5
1204,719a94026713a28aef4df8aa3a336a6f
1205,be33e91bb8f305b9a4ad9e0a1d8830cd
1206,2675a00dfe4adf3527f729aac6644e79
1207,c44a70f6b9e901c2ffbc4ba6e344b88d
1208,25f06ad96a45c60a1dfc474f87dd9104
1209,6fbf2bbb779754eb63d67d4398a19f6d
1210,1fc0c63422cbce5678fe6a05b135deb2
1211,7a3f2c7afce165729c93b206916d99aa
1212,f2c760192e83b915aca2b685e0270812
1213,d20601d9bbfe3e5a062962e888e1d55a
1214,91bfc8f4f77dbca34c4a7e7947222b52
1215,ad19ea09753aaac4790aac2dbebec700
1216,d9467be9bd16746a98d48935efe8a562
1217,efd136af562310a9858d0e5770d2daa9
1218,9584a5ee2286ba192fcb7b144bb4ee80
1219,6cb1581e09264773f305cf3d7f3a6b7b
1220,3b3cf3e895689a3f9a993fa648f26ac0
1221,c505841ec2abcefb69b69026f8bd9d2e
1222,260c43c67b22963549b355bbfa7a57d5
1223,9cf0f8555f2c081dda63d4dea747e64b
1224,039a00dd791f95c4c29613e6c3fa8333
1225,7769f0b7de53e4b3877eb6beb4c560f5
1226,4d31218cd880297aab3d1c1fdeea5377
1227,d94823afe3364071b1766678045253f2
1228,e89a408899300e0b8e0c5c0b35187655
1229,13cf8b8665eba5b9e83dee5ec4e3ae11
1230,0b9e69676edcea4cbb05c39385c45cb1
1231,e187ad585649f14bf7de3b00cd91480f
1232,bb8c93f47a6856478ed8d2f1611e427b
1233,b58c66fb308012412b92a80d911debeb
1234,53d39ff37a8fba48a9222564a39f043c
1235,4d681e0be8a8a47f06d4e5fd28f6862e
1236,ae2cb4880fbecaa708f1e4b0a37f2ac9
1237,bdfdae8230bee4ebe8c778cc761b375d
1238,c204b6efaa445396f6173c1f5e2d4141
1239,b7a38fd542d10e08e819b4cdf9fe2fd4
1240,da16199ea1c9efde9169ebe1f7d0810c
1241,d8799575cc6c6522496550b4abee67cf
1242,ab41e2ec94485d5b3c430984c1b9c8e6
1243,d60a16264dcac416e73448c305f2bd26
1244,387ae94cb6163bab818a878b928e932c
1245,b3b31dffbf335487577a05a632cea8fd
1246,c6d15cedc415aec6595c7c06f7fc3f8b
1247,0ff0901cd9ef34f47eadb2c2127d4111
1248,3c49d7486673c864d6a6e14e8fd8d70e
1249,39e3e980c83d7e21c2251e975bf749e6
1250,0b3bf06fbf49b19b4fc07817a82e48ee
1251,38798b759020eec08d0a7a9a07f4206e
1252,f9d110c334bcc739e1ba57d78201816b
1253,aaaf9004ea4d20adb408392d172d7d15
1254,918ccdb3a72d35fd7d6e6f65b413d8b2
1255,31496c41ab17a5288847adc4c0e69420
1256,e282754aa04800bdc04ca9a9f4ce2ada
1257,a95b3a3172b187d40110397808723754
1258,1cac9838b3cab685d77e682b040cab7a
1259,634299c9bb6b4cc03e07a26605c1e4b7
1260,45088bbe113a580fdacd8942ca288973
1261,c6700669235bd9df23ceaa99293c02a8
1262,74d0947bf8ee2773c6e83453d78c7fd5
1263,aa669649db8d3dfd992e23cfee7e296f
1264,4a9b44ca5ce1d0f94e52d03b37bebae4
1265,09fea15926089a995cfa3340cfa0fbbd
1266,4f4ad675eae8bf810e707b9e48c0ef6c
1267,ef0cdad7bf118c9a6d8efd432a99581f
1268,f1f8b689848afb6355c5761400c020c2
1269,797569c9c775310cd8b7a9d543418acb
1270,861f24e9d114b82fbeaa73cd67f19739
1271,9f90f5092f4678435bebaec21d3d35d8
1272,5ac70036bd19f042cc767ab66648cf54
1273,9b1c9d5fab025a017443a35fc1cbd946
1274,a6775f731dfe5977392f7d68bdcdfb43
1275,c07086324f0bd48b97042bea65e7c2e5
1276,467de7e88c8e4ddbf21806c21f041e04
1277,c6377ea52579c11bb35848534d631f60
1278,4d387a7d43a1e3167b80736ae5e5eb53
1279,f9139049ab754aa150baebb9102509c3
1280,16152a19c0cbef1727863fc19c39c05a
1281,05ea59a099cd416dc900b767486393c5
1282,e3ffc3806148943cece5288741da54d6
1283,1a4099d1a6d38ffca2c708e01d8d9626
1284,a106544988e3201c64f3c4a7807a426f
1285,62bb8b4145a5b0d8877abddce27e8035
1286,eceee792cb015e44105d86a3e86ccff9
1287,b913dea3c19ef6bd2f125a4457ed28a4
1288,0eeacd01468b8b5a19587235dfcd1458
1289,941467f5ec3651a95ceacb24a16104ac
1290,0150e661eeae18872b1f928101f0ed30
1291,b1c99251e4b2df3229d215c7a2d202ca
1292,a481dfb29caae039c96be419837ed065
1293,f4a802887dd8144d1f47cfe0e31d4dd7
1294,d0067be2afebd70c1d2a0867702971b5
1295,b75e5d75ad11e2934cabe0fa28d8eef9
1296,5ee4493f9aab1e4de9a2767d3d4159db
1297,a63c0091c2fd100b27d01479879830c2
1298,2e935cb9a7649faa65a3b696a2dbf5e3
1299,88f4215e399b47dc64424aa1d97ecfcf
1300,bb2d13bb0e9b04a4b01bb95a7e722b41
1301,16010cb3d5c1725538b489c66d47846f
1302,5e881f8411bd92335f49ecd873afe96d
1303,ce2809b7f5481d8af0518a5700da415c
1304,2019a5f5d794669d24458602da73d6c8
1305,795067341dcf2a9944546a50ac930b81
1306,06c3a00009a761b573c38a704d2b4147
1307,9e8a574b732876131217741b463d26ff
1308,fd5ccdcd63f1e63bfb5afd0ff6cd0f77
1309,bb8c2d5c7b8bb47b76f7950028cffeca
1310,62896f01f354b13789ddc41e08dae394
1311,924ef97ef4c439897e0a4a0e67549c7b
1312,191d491f98621175251cf3d54297683f
1313,8a1b1d5a6b38efde68e09bce90522c34
1314,aaea344e2514ebb3be8aaa6867e64382
1315,e4244d314621609b92008544d4c29768
1316,0e975dcaa7e3c92a3329f4c542b818df
1317,8feb3ea0f8093f7339c34d3b04274292
1318,5b93b8f61549233c2cb296663d53ae3e
1319,7bca6d841090b97c15758e1f174a1bd8
1320,df397d0e7239c68a1789e3a347ac3d62
1321,bc639b983aced86b9f419d01b36d2116
1322,9ef4c69a80ae453339c982c7c6947144
1323,e5927fc819f2286ce73318f0cdf25d15
1324,df49f30c98438ccbd1f1d96112e719b3
1325,2f9a7d9956a9284e6ad74074e6af7cbe
1326,fdf8d4475978b80f6f4d7181f7680d96
1327,ec48ad8a9d3dcb6aa2dcbb0a6d5cef98
1328,a9db53d30e2baa57934adb610ced70dc
1329,579498b9921d88958ed6cfaaeb79b48e
1330,c20b9409f86e132415e47b093ae6ba51
1331,1cdd45cae75b5b9285346bd4f6427a47
1332,3149c46d10616c5be06cb52708d66a1b
1333,345c10f456a8b17bf2dc1067f407b671
1334,1510852a494f7e1cf993c4fe6ea64463
1335,9e2299c41f378a85f4f51c398203324d
1336,0728d446c6abbdc53e3951e278e9b151
1337,31d3c8c52f35ef3547f2c092b21ab9e8
1338,165828f2f177cc0f885d195430e93efc
1339,2f42e5854014fc635ad474dff79c220f
1340,71c0b2192d23dcbe24f4d0e5910178a1
1341,4f2c0a91727ea08b8079a2b54b698880
1342,3dc628e9b7a2e76dc91bfaa89f5bd44f
1343,0630281bee0d7e7b8f3aa27a95f69c95
1344,84571bf952f79774c268de4832bf46db
1345,d7622abb60868365387d86c3317a11a8
1346,de8f9ad815ce6fb2730689c7ed348cfd
1347,a1a30eacc0cc42b3a53a85c26d0df182
1348,f3e287d021408f98dc1d30b2eb1eef68
1349,88a3824ffecb28db04ed70e6ca520a56
1350,dc44f44c80da80de245501ca01fc8789
1351,8338ea0954f7eea306bcd57493263be5
1352,00207aa2c1200fd0e407ea26e8ba9d21
1353,ff39755fb06df8bbbed328ed6cb610ee
1354,8a7d08fc2cd650a8dbc3018c8430f36c
1355,0ee9fe038674a3388dfaa270522ba412
1356,9316f26aabf3d4ecfdd20f47003be043
1357,3dd36ff9389c8d178469b113fd12694e
1358,21172eb45fa75caffd6424c7cf34cebb
1359,74753f26fe7fb999c1bd8e8c006bb94b
1360,8e479b2e9a8503fc0424eaaf44d560d7
1361,9d4022e41b9217d44110d29f38cbc60c
1362,b535e0b0f9811c1c70370e0465c2c8a6
1363,b434fd4077b1a0123730e931004fc950
1364,281474541191a4136accc21bbae68002
1365,cee008e5875e1ef53aaca0025c218816
1366,4dff152ec46d46ebc12e6bd57f873b8d
1367,09e3a053ee4acbf7caf0be5bfe849a8c
1368,ba0d69ca13098b6c72e63cb17a3102f3
1369,9506bff1bdce0a5fcda60ed608981968
1370,a461e27213c1bdb06ead2bc8df61f4e0
1371,f55510195a5f2f48ed628b0cd924bf5d
1372,b1859fe7b22c3bc498ff42599e2a06a3
1373,1b99109960f0d925f7c0e635dc398136
1374,e4cf399fcb1e3d17cc4bdf4bbafb1d61
1375,cec2c49356e4042e05c679c51266c2a6
1376,f73d976a37952c7b7d4d840865cce849
1377,391b0067164c9511e201f0f03f1bcbae
1378,7745640684578a06e10a066a47f25574
1379,e478edee86246e05fbdf7e18eb09ffce
1380,44247f1f8a390bae9b60334a7c7bcfb3
1381,32955dc1af2f93868dc468173d42138c
1382,069b39757dc865b34114b338493d148d
1383,fb567fd7f5374a66a48b938073e5c14d
1384,180172d87b38dd2dbfb71823665421ff
1385,0b54d3f4dcdf70d17bf2cd045e63134b
1386,8303f79e870e8482d8d87b1345264fd7
1387,96846c3d400f70560fe27d2bbf1c7a2a
1388,f148125c02bc341bad29cc5e4446954a
1389,103e4932a9929321025791c6262a76d1
1390,39c9da97609882b6e669cbba7a28a095
1391,582f3eb3629c3733be559d4f73fbda5a
1392,acebfedc97eded2ac16706e0c0ee69cd
1393,52e2838c67c2476285740ba4c25ee889
1394,349248cf9b7a1bd953c4fc32f2bf8cff
1395,27a97fa7ecc664af10fe81ea4d70c844
1396,502fbcaedf4aeb53e27301230e887b7f
1397,2e4fdcac724f611ff17b4d01f75fd372
1398,c878893a6a681dfa734b7fcbf91090ba
1399,72b9ffa86261de6427a155c37d57765b
1400,b394181f92ba873d0cbb21e8521b2f7a
1401,da3b6c50fa1f787ccfd2a66ca26ab9f4
1402,5f6a6fd1a868777543cc77dfcb939899
1403,d01a5370ffd9a2efc9df6e3574cda2cb
1404,1f97a4683b486e5cda4ddec72f6e9c83
1405,bba7a021c5b853f7a6ba8d889a74e498
1406,6a13a03e08044aef91a3781f1f10f7a4
1407,291b71788537b9f7861f0961f987c101
1408,d2b8f34b772189a4a232bc91898a3b53
1409,45e14ebd2afe49b103e1c941512700b5
1410,106d732dd0c1ad61b3f428d7e2528522
1411,06d568fdbcba8e70da320b9f8f8d2b7b
1412,1e3e7cab54a8086f0da18eff846800a7
1413,95bc7609dc3d4e934e60fbd174588ebc
1414,521370d27b46bcd837ff2e261c163e38
1415,2ed1904df754ec2d23e8063629240179
1416,f3266eefc19b27fbfd276ce7a8e58c41
1417,47dae5daf95e592c4cd4440ae90ec713
1418,119e71b6bf29267c5c9da1d8bed4e201
1419,f5b775f5e20bce4e1a1ed51437addd5a
1420,ee7eb0f5788c60c8aa25db31fcf75f6d
1421,1f47e83b8d582a2db7bfee90b45eb8ef
1422,c40c908ecb90c59a5d6a9a8643063415
1423,c67594429a9c26d8a7aa758a5793d38e
1424,4a5e83258015ca1a001543e3eb66c58d
1425,8e94b7ec54bb5db41765f648daa2019f
1426,72f0af2fabd63c7c78c51c56d17945da
1427,a37541e3e400632846df2be625485baf
1428,f0401fd475334251a2fa39ac2a8c3755
1429,fcb6f88eccb9c27e7b0333d37963ec2a
1430,95ef30b8fbdd12692e2ec489afb10405
1431,db90662611c6cf974180737ba92926c0
1432,58427eac0694809078b3ec74da827d1d
1433,5d72b8dba1e9b2e9031e9a3f156536be
1434,1543cc3f1a5ba68c12a2aa86cd2431cf
1435,6b4bff949b024f743312e042ac60e2c5
1436,02bb1da7dc4b343d9762244a6949aade
1437,e5dc2d8d84962771180ec7acb3a68d0d
1438,a1c6e927f6d2488286537931ea087008
1439,6f66c0454e2c1ce1234e2f38c88826f7
1440,d1f8f0143190e4964b91aa1dd1283bdb
1441,b07e47cea26af705e2e3384f7e800b1e
1442,f2609ac888511eb95fb562f79654b84e
1443,14235ba88d5a84723bd0b923bf6564b1
1444,2538babbb49430b482a9ba12b5b9dd48
1445,d980854d428ec3c0beb5ffcc0e42fb11
1446,5531cdad9dc13da65db69b26719df939
1447,8878773dea2b4057fa34b308b4789ac8
1448,36c7c891014c599c4af7f9e64ca0eb8b
1449,6dd376901ff2622cb9610586549fbe24
1450,60eda57fc44d881498a09e877a80b65b
1451,4b05bb72ed7539f002ccb0464d59a07d
1452,cbdca55eec606028bb9035d98182c617
1453,3f402a8c3fda104a4d92495baf474f58
1454,0d50c7dd2f4897f0d62ac9179afbcd00
1455,977065d1dabf16f48750335086b74a31
1456,3d6e4cae3983bb2ddb0a46f9ff10968f
1457,0971a332541cef1932b4291943ab6f90
1458,93c88d909a908f01a63450a47d5821a7
1459,060e489582d613c429916e6a5ca4a350
1460,d45f5aece43be58218585f9f85426731
1461,e3030003128a87afa37a9751cc0ab805
1462,da55cebcba7f46608510b4995872c4c9
1463,4f1ddbb3805663179c2cf23f3c3d1cc5
1464,ffb6856f0df642410276a5f955204566
1465,0e88bb6153a2055f61f61dc32f436d3a
1466,7b9eebe4c565c7483ed14ba6f8440e58
1467,51d8fb8f78319efe0ed229d9bef5a780
1468,db89b7e4f8c0aef7d761ea55ea34467a
1469,c435a01049d8dfe90d9bf9204ab9617b
1470,9fc29b1531e5d29e4e5bae353db26f35
1471,68957cc498460c711c22741a594aebfe
1472,c1f165315c7e69c3df47b9f9838b8ad1
1473,2aae8fbbc7b3dddd725ab5111eba03ec
1474,3bed817968de1247c5fb73d12846d926
1475,0c03dbf7e47531cc14dc33c81df174dc
1476,888723015cb0ef26261e7992b7b4bca7
1477,88ed0c17efe7ac3bafceec53b8528250
1478,64341434f24e171de86b25f1d449a853
1479,f38603753a7f7275a87ad3e7e7f9d0a5
1480,5e2311975d2f77b4e4559fc9da9c8337
1481,34802b1496d079de3de243fc17f046f3
1482,473a0b257e51cbd086806439c1122600
1483,e79e4ef26a4bc836fecad570311d916e
1484,ef20ace11c86e365ea1f37e6d89b171f
1485,a99590c96847491dc23c1dab4a5e9882
1486,4eaecb50ce093791db7431d0928a70fb
1487,675a53e0f85af0114ca9510b95c66532
1488,31a603347aabcd331f8022e4aabed3d9
1489,edbff3c29b64ecc732ac612af54ab1de
1490,706dd2868fe1b70e5dc6ae99ab6a4a97
1491,c2468b69c60c933444bd264535b84cc8
1492,07a5e6fc766976f64ceddeec05923ea9
1493,e0e2e8eab921f24bc45071069be3cad6
1494,e0e2e8eab921f24bc45071069be3cad6
1495,25d9182159f741bb9e6c7ffd1d09d698
1496,e25c08de7ad724bd9f08960b9a088c79
1497,e25c08de7ad724bd9f08960b9a088c79
1498,d588ededdbdf82016bbf33edd2605f31
1499,9f064e0b0b5ae3f4da0784d9f754d181
1500,9f064e0b0b5ae3f4da0784d9f754d181
1501,d9b9c70d645c708e6788ec096dd73123
1502,d9b9c70d645c708e6788ec096dd73123
1503,4062a367be74a7af9f4970dcc1e5a1f2
1504,a1c0d95edaa411d218b47fce912ba7fb
1505,d9f7f8164cf445849840bd3a1cee0d2b
1506,157a5cb6f0d369b107ff64dc54d0e968
1507,022dc546d8125fe54ecd88bdb76227ed
1508,d7a3be0a2404d05aeccee0e6a60e2fab
1509,926d97e5cc548b4d2949053e3505c285
1510,96a3458c1e97b78c11f66bcbd80a9d10
1511,199f0eaf56c5b5a874cfbaedecca3c01
1512,2b20fc37794ffd9b2e53056baf5b02af
1513,dbcec5c0f98200eb742fa1488716d8dc
1514,5084067853d093b4e1e6eb28b65d137a
1515,d1a1bbe79ec22ce409d1532e4cba60b4
1516,21205ced80b7157f27651d854933dbdf
1517,e10fcf721e6201a5c1f69d8ef4ebc9d7
1518,34fb0064038f391c31c0f2d0672e50df
1519,1bc2b1674379aad858208878e8a9bad3
1520,f2c0c80c9c626b52d5fd636f2fbdfe69
1521,afd89fa3565dc3cb646833227e98086b
1522,aecdc282770806c3b503e2435a053ca3
1523,9049bb939c6f0e780d7f35a55648b90d
1524,fdb3b8eb630faaee7d048f36f5118824
1525,10945b72fe73d287943f3e56ffa9b3c3
1526,ca4826ca229708db6500532ea3ea8c18
1527,9f134a99b5a60a16d512e4f83f44f49f
1528,d01ce721be8d0309d736cd37d3256ac6
1529,b8cb97c40a64e129ab30004350bf7a58
1530,a914be55c37f294823c6e20b16e7542e
1531,46245ec8d86467a10b29936c31c18222
1532,a48e12917a407094659b8284e73e876e
1533,f15476e93096e2597b04584a320ecb96
1534,e8f2720fa6203b2d12370d202253ff89
1535,884758ed2cc0b8a015a2c87509fadf02
1536,d525462356aaa88607310652bc57481c
1537,db048db7fdd0577cb09aa3e5d814e966
1538,50da19bd1914e24805c689b705f6551e
1539,3fe30ea9a688ebea1e299ccd9a41c214
1540,b32bbf330497dfefd47cbc0a39ee7156
1541,f0314acb87b5893af9c3af5bdbc9bad2
1542,6f13a91412f22455d8df34d4c3a85044
1543,ab04418449535c26ddab07a56b3f424b
1544,a06945d8d690c7bece732aa59f61c8ff
1545,ed81766b1bd1866b2915d57e37c3bea0
1546,1ddf2791a7c59bdbaa41e7b11c29698e
1547,7fd45d246a14092883aef4168d50543d
1548,bcb804e9826e1344421fe96078b2bf75
1549,2be5de3aa16e682728c60d064433d452
1550,0ce51224a6a883a4849412aac98b0115
1551,ffdf6dedd85677d0eb3bdda49b94aa7b
1552,c93d1e01a02c2442353218253710bdc2
1553,37c55e495105c1bd0990e130ad87e70f
1554,13614c6d026660c64ab17a6221944086
1555,727969b5d5734180d8dd4ee677061164
1556,85189b30a76f385294c65b36e2a1170f
1557,7140052043c12b8b782bdeb29f1c7faa
1558,c623a51a12a37e76450511c8dc803eae
1559,a7bf98427af1e4ece3745864b0aba8b4
1560,4d846da86e7ebf3d079514d3944014e0
1561,f5e93a78ddc962fe8e3a9bbdbff0eee3
1562,b3df504d250e7826f4db2511ddbd8a22
1563,562e06352854d4d1e229095bbd130342
1564,11c7ffa9b0942b2601655053e1d97237
1565,9f17659c7cc0ac2dd2e603a5f0670930
1566,b0147310f7566270d12a9fd19a88eb9b
1567,04bfc51da5a6800de79e1cad2c8cf56b
1568,6d2de6688b816177807b967712e4dc4d
1569,7fd550d56833472f58fa8f00d62bf0c3
1570,48726fc5d5d15c729a23cc2100f79ba5
1571,0a35524ff0486e2213cb78f8954153f9
1572,6c9d4a3b941819acebdcd03212f29a7a
1573,2d06a78e7caef10cf30fc2149b8420a8
1574,b030d5395abeb41cae2c4ca99617f4a0
1575,8371278fc1cc75b669009ef68a0c8398
1576,af9103807defcfb716fcdb0f5725004b
1577,b5f80311c24daa2a04201c84305e72cf
1578,60276da017e57f4055916495bbb46ea4
1579,5bd7d426623aefeb86e352518ad3a410
1580,2e040edebc59f614f0f0d64ed14161a8
1581,7b9a7f777e4069881d6bae8f6db41497
1582,f99305cd5a681174633dcb60e2f900f4
1583,8e2be4f7b0c0797431bd3e45f4b62d49
1584,aef590c17412dabc70c57b7574de93d8
1585,0a83a029beaa8b44abfff62bb167976f
1586,5dc6a384dc70dad908e65f6cf173666e
1587,ff49070c4f98d65db8a72e636702b5e6
1588,5f8c1f7dc49c1b9015cacf7e72983d3f
1589,db145fe02bda79b530b113ec48a59b3e
1590,27a972d6ba33e6034013c602cd5e19f9
1591,fa4cac2f034a0e105e8c3353ac1c64b1
1592,b5413fe3ec5497b0ae9fec7f172166a1
1593,a1569f4a052f7de38a0547962743032c
1594,d41674d9b4b03864ca23c15d3b0d22f5
1595,64ea5d51fcdfcce2c824725d7c3d0305
1596,bd4c7bed8bd30714c21749150fafc2f6
1597,16b55800bcbd82ee186f09483a4853d5
1598,5966314c14bf791bee6322933fffa197
1599,0ce3a10c6afa2f5a90b9ac84ef31f61e
1600,720e76e04777a52bd5b07712425ba1db
1601,4fa52a11c295a6244bf60f4dc0649093
1602,755c3aac880f91db78c96bc5b59ae210
1603,a073b01eb64ef395e66a0d336a800872
1604,5d05585d70ebd8c773b7e750e1cb90c1
1605,dbc2af8bd792b8358f283317c18dc945
1606,f1fdcd41fa1638f49e9a3f9604caaa81
1607,1b183d8f095fd343d794740a30d6af7d
1608,bfb42d75a13d9e520b406632c49d6bc8
1609,6a26b7df3d2fd74beb78f13695fc5818
1610,1d245e98361eb3878e68ef09eb99c37d
1611,4508f27c968cea4248768a83e2f42ce4
1612,14ba16a8b1fbf0d9c53d58cd97d5335c
1613,a9f898a3edd41fb8d9928eb0777e1b9f
1614,2795e4c6e952a63f19d0dae9dc527c74
1615,5f3a16674aead29b5727babcc7fc5f21
1616,116a80275d9b95920208b80e5ee00395
1617,473100e24aa928fc6fb544685a696c15
1618,d37e721ab716f389b57783fe69185c66
1619,33bf586d1b1a80b73a4f15c0bbc63e2c
1620,761428deaef955972814c4c60522ab16
1621,3cdd0df990805b4b6d35d4ec71bb35e4
1622,78057a0929f367d5088a66f11b3cb207
1623,196b4208343f9375a59564e4a9b4c82a
1624,25309ee2c8daae540e82f6d38945c8bb
1625,4172355bc1bdf569ee1071a0a98ddb6c
1626,e68e2f47a953c2df666805272b51f8ab
1627,0ff07fe7259063a371f6def35c37fa95
1628,b7c2912871ed2a959c2f5598f906b78c
1629,286950f780212ac5293701eba4be25bf
1630,6c54302f9afa6937cf42ece45f1a8195
1631,7b6b4d2961fad48618148bd0a8d9cc31
1632,1032de3c0a66268040bdacd7be45d858
1633,1601e6dc7dc512a874aa86cb80cfe0b3
1634,31d0b230df6a73a3dea040af3797574c
1635,9bd0fad07a17dd03223429d71f20bc0c
1636,f977558730265b0742395442d51d7179
1637,434fc5336f34d8ec272f57a37f6c9190
1638,a619e639c7a40a45d5337380fb6edfe2
1639,672aaaed4ecba98944fbafd14e69b27d
1640,97ee136ef7148c0cb97e4fc0e0d08a01
1641,e11aa6765e6c60014c7f7842434d4290
1642,c34a4ccda66b9d615dea0442fab5261b
1643,42aea699b2310a801be1e6990da5052b
1644,f909e586cfd85337ce1b7f0fd346ab72
1645,63264d1b5508f47727606dcf6347878e
1646,33144493d2065c8d1157006d0b4c4d85
1647,c80990bb9edadd2a796feb88a4dde103
1648,01a128fed477d9a9e53e303569482af2
1649,802f2324ba4a786730d45a57cdfe5140
1650,956becd43233318d23363f74e9f35e03
1651,9584a4358f5d87223ae47c1a715b0018
1652,4b2a23216c22c9da9c00889c9332fffb
1653,6db702ead75b80ad26b5894e89e326ac
1654,9d7062cc26b8ca2226409cf23cedda49
1655,59c8ed40b3b9b17adda10a512e7e3bf0
1656,3c7f84afcbcef6bee0351eaea95fcf09
1657,9ddcb878d52d88e02d4887832db7593a
1658,e991ecbdffccb3eb74d0d40ec6b1d025
1659,55ba19a68de0301d3b5b8c02e81296e6
1660,07556f491321146ea1572c8594a2b40e
1661,d4acc56aeed23a1847340f196a80e16f
1662,bd7aa4bd26235b2e041e49b19b0f06d0
1663,ccdde642c0b4d293b6840ea24f4a2883
1664,40925c76ffe36821b38619d245d0a9c4
1665,d3f8d15a484fa2eb60c61363f0b269a8
1666,ef0ef8bfa05bc893bcbe0c27d23d1bcf
1667,a0398ca8b8c2a3c2e2fe5749e3d88615
1668,4c61d8a85f380fe1484885387c46c7d9
1669,7a6d462e3991ec13896cbc2d3ed163d2
1670,9d7e375678f44c7cd1cbc4d074cb1bad
1671,6f3a3bc3b760807448a4d071985f64dd
1672,e11f9c6dc40405b65eb6ebc3915ed522
1673,873eea9fd0e244b01598f39fb3df425d
1674,4a83899fb196e0a4e420374c17fc4dc9
1675,18f87ad4e5279a4fb7e0623985a1c864
1676,97bc7d5d7820f411cab6e5df8abed762
1677,ba50c350e3c2d0efce6142eef9032107
1678,f12c20082d51d4ff5090c2309a3c4343
1679,ed1a19afac3a9b38cec7d9167ea0a079
1680,ed0ad20cc6d3b085d9191e7066caf5e7
1681,6b83b038a450adbf1c4dfd1589292d4e
1682,129e80295b49b21bf8ba00a8ac1b7e58
1683,ff5a3a2f03c2983f1ea3a4251742ea94
1684,e605890c464af975daa4e0450507edb5
1685,5448ba6d7b49475ca7a6d1c206a65380
1686,9f5dd5d02ec726b517901fc4f0566f82
1687,7f04cf643ae0180eca77e6fa11912205
1688,8e0912c26a6f0a0f6149696e3847a6a8
1689,5e116fdeff3062ccaa70178fe497cfe9
1690,6044346492d8af4929785892b4baa74e
1691,a9c707f4cfb3fd483b1d2c4fba3b8375
1692,852a7b1028f4199c993b8f27c72c73af
1693,ddbff0ea1679c604c26988256d3e0dcb
1694,e78bff016a3e4ad018f8dcdc0eb5d66d
1695,6fd98cf095e5a7ec51605ca438b26111
1696,262c444175763a7e45502d0ea9e20114
1697,4c86a22fcd4993386f40beb7cb46a257
1698,5450b685749f86703b3aeea8091e0d66
1699,c740ac0878116cd6624073d15f438fc5
1700,d92c170bcef77413463b5e3cca4ea183
1701,71cd2132a93d06623419fc1753088520
1702,760c2e6d60f93ee3ff3113b3305d6f10
1703,74ad80ac3ad9dcafa8bd4c2f163d6b3d
1704,46884c7fb4a05c9ea67f947c438842d5
1705,11914f2ca417db6a744b7b16196c29bd
1706,cb3219322b0788a75633397c135c7aca
1707,0f66074b155c04ed3419a7e29ec8a85e
1708,eb204fd21d5494e1a2c9c0c8eadf58e3
1709,1484b6bed4fc01357ec6c70a1732b83e
1710,f6a8b3fdd4501d55c4d685a9d29461ab
1711,b73521985bca182b92ec8cd1da80942b
1712,a0a8bae256d8cd5cf9f036d1b934c47b
1713,37ca068d14f955f3a33d256b60a53811
1714,61728114ced939571e93bae81e0910c3
1715,680f27ff30521b1a5a3b22d8e0a0693e
1716,b7ea7546256e30171be44eadbe9d42df
1717,bd376cb54378cfdcc9322b8742c2e832
1718,ad87f863e35a2d64a991245251befe87
1719,71452c0e5f22930971934f84b0f4c521
1720,704ca3e149d20d483d7ec780b638992e
1721,42ef82a2ef93b6b4cdda6cecf514b3b1
1722,50895f8e6f0fd0239d0c765d21e5c83f
1723,c1d2f75efea614052b4079c3f448a0c3
1724,b3d3315403febf3b41ae1a5621e0fb6b
1725,ee1d73594b85b0f8af01d82fa23f5b2f
1726,99cad21a61be79d2b59921d332b96e4c
1727,61c7e3b7b02c18cb21d389b857cbbe9f
1728,2c2dd6de48a6de7288505629c2c03820
1729,ea7d5025116b846cd297a2e3d8c070fd
1730,9a9a0ffdfdc397c405f38a542dc8082d
1731,a74ba7a5d7100aa3714c78651a7a66c6
1732,e64b5e69b11169ef95718e803f0509f0
1733,b0f6e508094136e318e18d065766ab6e
1734,362b68d3904b9be9179458091cb43357
1735,7e81e13bc01e964ac4259b07cf53ae57
1736,b18be832b03fea2ba00715a309a202ef
1737,642e4df2bd908113861e12e41df1162f
1738,64473d731ecdb66e1d7ecdd70da8f4af
1739,e6384bab6767e0fa2a16c7ea596e6528
1740,c0014d6e4c1e625677d05d1375bc34ac
1741,07eddc5326e91aef6f56f7a0a45274fd
1742,73c81483b54f6d86715de6e1f05d0cbe
1743,2b13d788b25dd0c59d9c8fc54900c413
1744,d9077c82c8ccb18238aeade6850ff794
1745,1c212d6443693c03850964899598d2a8
1746,cfebac7095f4b471950867c56588fd29
1747,c57aaef501eb937ecb4b45d620579dbc
1748,3f8337385d5d53d8b3001d5fdd0ac57b
1749,42fb675984259663ebbfdfa5c736d0d8
1750,6112dbb811650370e8c84dd9754e1b02
1751,1ec4cd30892a3dca8e830cb59df32e8a
1752,b0e2bd6755383ba4d07be45aaa065241
1753,c5d678166bf045efdb036606b45dfb7b
1754,579dc97f027e34c19f9518bee4729419
1755,a0830a2b66ff14386ad6acdd65b16f75
1756,7c39b8c3b30dd84777c58fa77fe695bc
1757,e22717c20447caf1b507ab53fe0abd12
1758,3366912266a01c4b18777dc68e86f3e1
1759,c6b65185b4e794ddd5829826c1491c98
1760,a596a74b993a8403664ee9cc67215ec3
1761,e034013ee625b277042f7582804104a3
1762,6210e812b40ef1bbceedf919284550c1
1763,9f16b5d0e6105425dae706f870698ef1
1764,edcce56703fed09cc6be24007cd0317f
1765,65c87aa1fea9f16a65e1c2d280fa3957
1766,c1321a7cf0db11362ed47c2e54cbda57
1767,e68de518490063533c259a36777a91aa
1768,ede2c75485437e2196a9848321206f89
1769,c1b4fd6baeecb19483d68e0b14ac151d
1770,455e11f7dab58ee6887cacfbf75718c7
1771,1960f051fd62979a602b693c914b20ee
1772,982816bcf0cf2b299ced16152308d3ad
1773,0be5c8d6eac1b5ba30f76c016bf1c8fd
1774,d0977ed608fc444d37292354964458e9
1775,049b53314c81caf0ebe35d5ee3cf67c0
1776,cd875404176ab9e90b8930ce249864c6
1777,e07a3e89af6efc953c8312ac79051903
1778,b6e4f60e3e8c6c615bd0a005ec036c7e
1779,4c46cebe515e9b7888b9dc653327fd7e
1780,90403c19c3823e7b5c2f599ab1c927ac
1781,4af68212b3947cb96c8659f12c9bcc49
1782,9fa4d0cc8df6ff303001cbe1506daaf2
1783,56a35f18e96e63ff6e875d193e05f575
1784,3458d415a26f0226784f0d07b2af66b1
1785,b03493dc64d3bda45a3d5a8d084e6123
1786,abc35d50e4bb963c3633166a636627ff
1787,adcda4a917d7861ceb725a63ff54ab12
1788,5ff4d242ade55454b518724bac0f91cf
1789,e6137a4187651a18bb18296e4af15179
1790,2d2edeacb8be46b6f1063feebc7d2f23
1791,2bffa6c00ca678b00f7177bf21065c84
1792,69cf3bad9c1d04675c5a21ea9ac921d5
1793,162133f82649c34ee9149705c25fbb27
1794,8dceab0cd36e623862921ef17aa78b48
1795,74ea73585f9fc7502da14f1c7a7dd12b
1796,23df37e82bd225ea1abbb1203c689597
1797,aa9df10e5e4096353b36feac27eee3aa
1798,ef8e6627639991cfb916f6c0e71618f1
1799,e8717b107d0c6296638bc307503d34a2
1800,b034e88d38aaf5dcab2c6de41ec88b48
1801,f418638bd181a87358d31514a982010e
1802,30bf2bc33fd3ef12ff192fe2ebecbf08
1803,6cdbddffa3ba813e15c1726c59580031
1804,df8b5094d23b602e324727933ec60bca
1805,112caaec56ede6e4cde0f799c1eee854
1806,d4a875aaa6a5827dea301b44b78bcaa8
1807,9ec810de718465cec9fc06c436e935e0
1808,89ecff400ad3dc657cc8e8083fb36580
1809,87c6e7f5ac67ade354c6829ea10ad727
1810,293fba332d38bdec95ee87c2aa3e20b8
1811,087a78c87081b9addc38d471f309c6ad
1812,1ec5d44c3a19c8d203b620644a7430c6
1813,b024b9445739340bd239a0e43167b558
1814,ffcc53cb46d81bbcc86e595fec9216ad
1815,4fb224336654b34b842fcd9ecead143f
1816,34bfe4ae5c043e9c15c57246845cdc7d
1817,f5a4a3b32af6edacb8f2ee577ffc7d6e
1818,5934e8fa541f013cf8673a208e1c6a07
1819,736996164a4830e769b0e5796c678fbc
1820,1a9fe74edb7802ae25d6d3de22f646c7
1821,4818ae2e6b78c059f6f3a88eeeca3994
1822,08d13cf0e43cfd23f1023642abbc8cfa
1823,4c3811e38f86d55f8ce04a6968a75da7
1824,d0b46fb072608e6c21b4b540da60e601
1825,08f8fd897d92a23f47c4c1537ba5e8f1
1826,abdca79e5f0bbbab0f7d57bd5ab4704d
1827,5ec5cde301d099f1c4a2b692380ef85c
1828,77205cbe8f56f596e92ba28bb2aefe21
1829,a88835c29ecacfae7de28aa9b0ea0ce2
1830,9ac5119b0672234250439697dd0fb5a6
1831,a6e453ed042bc378ad6ec302686c35d5
1832,d7a66c95659c27fa5e12c039bb973126
1833,bcc7deea3855dec0af47b8658cd8e63a
1834,23cc1008524a82e7684977338e60de2c
1835,09013985c8f87bb9e459f59f211b9e88
1836,641b49039c5737a4a31cc4245e46173f
1837,82a4badcd0f329725347ed187aa9d569
1838,9a2c308f57bbfda2a034d663925551bd
1839,994f726a52c6a0fb1136260a4b7d44a9
1840,6bd799b565b5888852c0ee4f9fb82413
1841,10fc8b8d424bc0451d7e7d126caf0322
1842,7f5e342e67398cb8d183c3605d33bfa2
1843,597135541098d71d8312f84fe2bd6c3f
1844,52eadc5b7c5c4adb644cbd6a10cfac32
1845,355ec5cd4e70498419a307a8c527d593
1846,3d9d65d64e049f2a0438302989ae97f1
1847,efbe3da4f2836f825600bf21dce0f465
1848,265aa8261f9f8fda987c3a3b59a02aae
1849,9629823ddaf0e11e17ed58458c5b5885
1850,7e6a07116f053c20fe27e539c55d4f38
1851,f608a11d3811630fcecbfa4ec1787a31
1852,a50ebfdcb7b84b77747b98b023c57c94
1853,14b619d725d7475535de7f2ff97e9329
1854,289d160fdcccca3fabfd111dc3f12c12
1855,2ca8d9f4b4d3ffebf856d2504a118ef5
1856,d4662a364c07ac0e6b02053a52e21d83
1857,a2673dd6a5304aa2806debbdf74209f4
1858,108ab720f9e4c610f7652ec0fc2b2be3
1859,f339d8ee99fe3da05c83a85f2679c03b
1860,1385be88cede5fe0772bacfc6068a33f
1861,522a72581028adec7bf3338ae9e9cb11
1862,99ec4292dfc3ab55fa902c3837764d3f
1863,6f514b1723b3758cae0e673ffc54c89e
1864,ed17f7150a549547853868ff28d7b394
1865,a91e820ee325d125c7c33cfaeee4efd1
1866,a980908c632804e115481d607252f1e9
1867,448618646318887c2c13dadafd0c6909
1868,5f5b810953238bb574beee39e0a74831
1869,f27a371ec4d6b6edddf98ed63fe5794b
1870,a63a22547241519ddeaf3c388e2cc2b3
1871,b3b2f2bd0d1b28ad4e339b74a0b5d01a
1872,ffd69d238bf3be23317dc88c9a7d432c
1873,959bca20b9efc825d62c861531c42f5c
1874,6df9967460cf27abb3df57392e1df26b
1875,14b619d725d7475535de7f2ff97e9329
1876,77080de1bfc48466714df83ffc7f1047
1877,527308c35860dad55a76a34de647a637
1878,eb21eef60d2aff7c3eb92fdc3f377692
1879,80fafa9df5cd9d6fac5eb2b6378881e3
1880,938948d46376c34838ce909e7dc427dc
1881,8e22f6bf16e8a5eb1cc8a498a1ec8334
1882,a4776b1b0abbe38147746ef35a483d99
1883,af336e8c58cc7d66a57fa2dc9c6253ed
1884,1753a8f1426cf25f6e7959aba60d3e7f
1885,0d7691412b59c2fd118aa5f847fbf717
1886,95827ebc7930e16d707193789cc1ec3c
1887,35d2cc26437c03530e44d0a24adca8b5
1888,d114965ef16c56646c2d15ef9f04a9cb
1889,178f7ed751ef88f15bff2a35d06e5e7f
1890,0c64047c4a3efd7c50eb3656082396bb
1891,ae9770ff6f6bb38bcc1f363a26a5b3e7
1892,ad8bfbb85778ae4a8367b677e62c51ef
1893,99dd0b5807ed22c7f7f747dc33e377b3
1894,de1efeaa3b756b43e5b540ea0ab8afcf
1895,d564eb16eb83b71bd150d3036e35f618
1896,e797a2b081a3e106cf744c9d0088ca3a
1897,95827ebc7930e16d707193789cc1ec3c
1898,31b2729b4f8d76bf34283999c1a511bd
1899,9827c76701e954d6f2f168f9407ec7de
1900,413265d73b64469ce2dba96d7d7d0bf5
1901,58a7cbe0439a4508ef02eb63486dd7b3
1902,01c6d0ebf8f54494bce651e0ec71f710
1903,346efaaab47768cf0f841d384b49beed
1904,7ce20f2499f4218f14b3fa8d12ee7b8a
1905,6b65aaa6cb22dce0dbce07d54a6f9c3f
1906,8c8b13605eb5591f008fbb4382f4cfc9
1907,0480e38a9237c26699a84a4dd2c3af09
1908,99aa58a72d69cad36262c397db0362f6
1909,aa63df653cce061cf2ec5f5ceb7b4ed4
1910,84674b05a2d352ac4959c1b45ffefeb0
1911,13de0c0ede089419d8c65b7a3b0f318c
1912,816de80b62695cf4888c4e9fcaf296c4
1913,b1047f0c1f580cf5b34df6af9548e137
1914,9802193422f4f3ae07b23c85917fcaec
1915,b4b57c14fa6b1c9ccb20b3748cc2ede2
1916,79e77787182cdc5a43626c7420d9f0f9
1917,4d5b920b40bc152f9b592f6e78f30879
1918,ed6c45aa03e70a8dae632d837231cec4
1919,d41268d9e62a016cfaa39da25518a37b
1920,c2607340b469d540da5e18134d18212b
1921,7cc1db7a3a3ac68f1a96355394967f32
1922,4734a68f25718386ac26a8867f7cb9fb
1923,85f2be6206459293851636ada8a098de
1924,af72c5acb6ca3a039f4aae7f39bdf3bd
1925,b26fc121f20e52d1d78c4bc2da3602b0
1926,577d2eb9f564407fde43e00f47a27bc2
1927,3b59a076f1355f8136d6e4f7aab44862
1928,3ce22fe2ffa800ef3a20337c17a773e2
1929,00fa705ee3bfcdbe70c29b38e6680cde
1930,f9273f4f1eca55dc6b2220c1e6df3379
1931,a88166b52f680d0c2b9f3cd1c25875dc
1932,4c6f2d56b37c321f8256efc00594fb50
1933,f7ae59c8f51ce656b470ed1fc5fb4c06
1934,bfdd32f8307d3f79ab3c46be0aea73cb
1935,dc8c48de318d3be50247c4b59bd0e843
1936,aaf7b22404120010dc46f29b4c2a7114
1937,e49b480722637b5aee0c13ef104c2f17
1938,24120501bd816181f3c114df3b5eacfd
1939,dd6b72dfc4c8ea3ed2e6a6a6b77fc014
1940,93a9df184cb27d58046f0ac3618087b1
1941,24a1e89d2657eabef04f79b4c9e8121b
1942,b9dbf29f7955d9d138c9685d9809e0a7
1943,9c27daeaa0d934409817751bd3f07c17
1944,c60c8252cac8b8a6ab52ad9afa1b34c0
1945,13908a33f271b94f0ee0939b8f66e247
1946,f5b9ca1f0c7269ca6436cca4e30f9036
1947,648f6f0580f4eaa5af32988a2887662f
1948,fc9c033aab17365819fb40480c64f18c
1949,c9505a9e13e1991761aeef540e673beb
1950,86678c93ad02ddcef4ed4859cee3dd7d
1951,d0f99fa65938a0548057b76cad89b3b5
1952,2be6ef024efcb3cb6ede74396296819a
1953,563577dd9e5128a4f712d484cf647efe
1954,7454816b4d6396b4f29f980c6cd3d07f
1955,c546a3b18ef7d3637562a372c777c139
1956,4764427a5f6b5b5d6f5888d95b3d7533
1957,5bc3962f751819aaf0271bb3ec14f081
1958,cc38eba66213bffbdd6c34c3652cdc7c
1959,688b0fef2937c4b7fcab710b21fff006
1960,6f4a09b87ca9276129e6af20d04bdabc
1961,f24fc761556eee7e46073ffbc97c4f00
1962,9f5c75283520fb6adeab1ac957a8717f
1963,57531d1081fc1a77ef2da44dbf56aafa
1964,9af0aaff2946d8a6569385970d197005
1965,7d5e8e947e5f635fc5f421bb763b1095
1966,3e39283677a1fa55b2cffbe3e6aef97a
1967,f772ff158769ec2f5b5bcc49c714f216
1968,cc7d9e8e56dd2c2e219e8bd5b3948b58
1969,6202529e0820f99a0cfa96e99fb52840
1970,df7c3e4d8dd4511fef8e256412ffc9a4
1971,0e863732154801c0b012fa804a20179e
1972,0ca7e39875610f16a64a939d7d50c1f0
1973,f576bfe0b5a343dd38da420a046f9eb9
1974,01ac03d95baa35f41193c86309ad550b
1975,28800cc7541de439e547c6ba6feda47f
1976,3dfd8493eb3255170cc52739d981b8a6
1977,e5a03e025a23b2ecb59dddb6f75cadfe
1978,2597a0967489b5256a09b9b0d575d654
1979,68f4a3f205140ce0a3cae080c4be6185
1980,708bfd7a8b30b4168030f22396071f6b
1981,3c590d3189c92f19b1b25b052909a799
1982,17ebb9f8b68066715d9eef0bb5f7f67c
1983,7452f06f07b5aaba7ace1919b5312c8f
1984,716fbda9c5e3b3285e2d39466f01734b
1985,d116257b8c9b416d4bbea0b772ab9be7
1986,7cc57eff45e38ff6b579bfe088e96b19
1987,3c14cf79d835f5c073b1f70b5284e012
1988,84a3f6d92e8887b37a57d17e41cbc34a
1989,d5b3ee5ebd5d784daab4c32366f2774e
1990,45ad5c1c6fae218a41968a2f86e3deb4
1991,a3e17dce90d286eccf7d9e80dac3ca16
1992,9bfe3aa92e19ae188e32d9dbe5cef2a6
1993,a254126f7c71dede5e48832827468e61
1994,81d618850da5f136e96f248688b2b455
1995,5d6df83dd6ef0666b9b182882386900f
1996,8899fcc4816a2d00c079dbdd0bdf1407
1997,cbc1311706d55806ccdc80580d43666e
1998,5ce17fd89e314efc9bfb3a10f9f24d8f
1999,2b7c2ecfb4f354f9b8840f84c1272a2c
2000,0c90fbc840c91d8f4348e5bfb0dc27e7
2001,499083275d211528afed5aee2c27bb3d
2002,7da91f04a7b252463a3b701f1b5a9a97
2003,8d0e1ffc0e33393a7ceca0d540e425f6
2004,8a32ff892193877e647cad17f1e80b95
2005,3b0e147725b532de50c77ee53bcb1504
2006,5a1090b6e10136fe5ebe3f8fc9b8e322
2007,a4ca0430bdf49d6ba817425963e7aaaa
2008,1a6f4946605574fa1b2df8c7d3d4bf36
2009,43a1ab260349456561d9a685456db077
2010,6ad6264e83fc2f53d5e8d30a3da01177
2011,fe779c77c00c2c9e0a5ea420dd3f22af
2012,8525af6a0ecedec6e2e694a4ee33dddf
2013,9dfacaaaa11337c74bbb71d2356607aa
2014,b0a1222746c2e6c3097bbb7ace52c3aa
2015,a86383a4ea303cd13bbd975c80334116
2016,0a695359caefa75e0fe4d6bbc66c41c9
2017,f30bfd4c5cd5f86999d384c589d04c78
2018,96f56d03e47b331b4f7ed28049f8f997
2019,6d35bf12fad947bda2aeb58a316092a3
2020,0ac5bd5c9e965109d93beecb41f5be23
2021,0399a1e75cd9bbd601971b75437a90b1
2022,9661ef9592ac22e74f0558339e188ef6
2023,03bd2395a8e6997f477f5b71dd09bde7
2024,84f7ae82a3c19db96be829d60c99ebcb
2025,4af38e7a3940522d349a0c393e575e9e
2026,e65339170b443ac0072ef6feab4fde1c
2027,b16267dd6c0890257c3861ba1889db2d
2028,044d52aa0ad6ae556f166f5cf5d94c0f
2029,b9675ac5896c550142bbe605c3a72821
2030,1f85345c39422ebde8869866b017f01f
2031,b6b6318817348200abd0a638eca92556
2032,3bb96fa13e8821f2c7c9d0b1b43e8e83
2033,ea9e90576eb8105f9a23aeaaf799ee4b
2034,1c8f21a85f1d81e99620b750cbd116de
2035,0df5590261d66392d66b5c407779421d
2036,9b36005f591bde304107e18836799a88
2037,f26ca5c6fa1c7b6917feba74d8b66943
2038,01ab2e6ca8a7572d01ef9b5b965c61ed
2039,2a9d8a733b83d3404495ce12cf3e4099
2040,23a3a381b78d034c7b3182002667b68c
2041,4f9f2d12d72d4d0a00b46055e29b2f1f
2042,c1d839cbb1e3cb88cc74a90fa1e8f023
2043,88731179b6f658e0c91b9bb0c227c14d
2044,6b64eda969c4bad3e9138ce9f52b479f
2045,8f3afc828ef7637b0f4ba156ba5cfd89
2046,d3dc4f7df01138b13ee2e9facf191f9d
2047,edb81f272f456e1bb7a77d14d4ddde79
2048,6414030fe98c0d0b41d91a41abc46216
2049,f9080352d5b60e50ced5d77236823673
2050,ef93c835e383a47ab7d2d1aaefb76228
2051,aba713aee01a6442f20f0787d29ef652
2052,302bc4fc7f65b6f391796cbe28c40fb0
2053,1682e8efe3f18ce7bd1bf4a1d286d226
2054,08793e4bae6b859512b8de8cef54ea01
2055,48c8781f388152c677bc8af8a9b23802
2056,49779a2eab0e9d9afeed8728669ee568
2057,0de50c9f54f20fd039f0ace39191a0ce
2058,eb297f062f3c41ed40ee25cbd4a14bcb
2059,7dba56e58e29722f06f442524e008be5
2060,25998a6c671c7a822be5d7aa0fd88a35
2061,2aa3ead7beffa4d82fdd21081e2772ce
2062,bc715382616fe20859232feeee7681f9
2063,19b8d97a09116f2dd5fd187b2da58dac
2064,bf12cd52b15e2114bbe1c36d77f2b7f7
2065,dd0423b513e3b5f8efcb51021382a0f6
2066,d0941cadb117a4f87a039e6096747f07
2067,fddcec7079781f036668b342a9e92c4e
2068,34802a979b0d8ddb32339673e58f5a5a
2069,19c7976014881a6cf0dd9cea8f7c0c25
2070,5f69c951051a2a4c5793291bfdb2e763
2071,77823430f333f6d1edbcc3bf75275fa3
2072,d24abe49e7517bfe95454b8b97b4315d
2073,1f2dfbfddbf35acc6ae5ffabed62155a
2074,71ce8b663944c8dbb00e864f1b01d4c4
2075,100a06002e932266853f156c7632acfa
2076,55503a350492f7f7a34242ca6db90d04
2077,c2416f240d0b304467da1a397156db1d
2078,ffc388cb193e2d58275564ef7da1a824
2079,82b2a5f82e5f6ae2b8903b8846a3ce0a
2080,ae27e827ce86726f34bd9ee56ad44f3a
2081,bb51ff25b30cac8f4db32e88e0bf6079
2082,ce583881afae93e5600ccd35a24f27b5
2083,15d906da143b31ba7151466b5c76fc68
2084,aa2b8f3ad41b520ff51aad4cc3565980
2085,1e02936d09b867fd0b3cf94841264340
2086,85a9e417d77fcbc8d5660665290bfe7b
2087,247464be7759192232cc3251c5ca14f3
2088,359ac9e339326d1e038dd0b0cb4c127c
2089,7bd9089a44ee1c3c49ee3cda6eb963d7
2090,a99010fc15f9df02d1138cd938898c57
2091,ff58bbafa06a5e9aeb4af6dba9883920
2092,321f7f1e9ecd20f46c325d9c0b1ff91b
2093,47caf959722339ab607e7b07d57c6b49
2094,72cf990b5214b34a8befc9966eea6c45
2095,658e5d577478a245390f4505cced4792
2096,b41b9712c80188fe7405c20c21de0519
2097,3b5096b841d87a98e82c77998634795b
2098,9341d100efa00a7e00040d7d9b1d4375
2099,ba38fa281040b5bdc96f3f2561a2ca28
2100,1e9efd09696ac10f83cd3a62a1f28947
2101,1b06100ee9c608f4ed785a092b864ed0
2102,a4a94f9cc3290787ee63edf14bc09f89
2103,71f9f1dfc0e00e63b1ea2eb751b5d479
2104,b3b8738778a4e24a0e9f888dd04cbabd
2105,59dd64b1b2bcdd0553f9eb1e8c93d85a
2106,7fb90e5bb770ab9208caa87c21b005b6
2107,ba5bfa59c52971123e07a46f5832945f
2108,0cc18a65274c774f6618e96a4ff6399c
2109,382a8c95d76f9ad35adb0eabddf5f197
2110,80bbb49301cbf4120059cd01e8bd8b52
2111,5aa21fa32a82790c0ecfb7e54ee04ba5
2112,344d80297cef1cbe85578def7df98b28
2113,bc4253448c6371822488132713c06eb8
2114,236d31f567b63d321ac97343879176ad
2115,ea52c2d47ab5812023db376ef3d45b4b
2116,08e974de8aaf57e227ba314907fb6b8b
2117,13cc5aa4fc99ac269ea7bc8c6a5a23a6
2118,523026202dbe7cdb8133c0463bab100f
2119,22d04a7c526fb86748d1a2808054bbfd
2120,a787a83f527533430280754b51774127
2121,f4b718b61ce71fb8ae238de7b495c303
2122,05aac7363a99524991ab7cbc156c8501
2123,e7ee68f4a71ff7124547550510d02335
2124,0ca9809886ffd65157a1040a94b106ff
2125,0da8257e149e026e1d93c33e90139a56
2126,2240a7ea87e35c9536c85e6a4a260207
2127,9263ff6896f8b92fd6c1283d451419db
2128,6cb13557fd40d8390f1040487122edec
2129,20b0180894cb187cb30de8847cb91a86
2130,506db7a2f462696c760d6ec957000110
2131,04ab2a41f18bff1166cff9aae988a137
2132,cbeff7a0adff530ee5b1541703887ff4
2133,0e69c43918cb6cb1f17d8f743c5e19a8
2134,0c001d87d8ce9ff00f6085045a634e31
2135,8b2d986473b9d033f5fbd6e31919ef57
2136,6f17ffaa16baa9f2451b36ccdb0cde03
2137,a77bd3d86053d68877888f9277d45701
2138,4299319f91d9d48aadabb29723fee293
2139,c7067a906cb4767e58fd33353effbdd0
2140,b4a60071c65d2b6789746166103551d4
2141,b66ae25d39f5efb878158417ee133ab3
2142,6a2670897542b72e3a252f7722d575c5
2143,7693dc57804dbc649c66866fcb20392b
2144,d90a16a8c79fa9a432bbc183d28bc629
2145,f611a125a561bf789c42b3f2d767956e
2146,cad22d3e4df233309d936e01f2736518
2147,a7d9f316e74501c5dc41161ca044e27c
2148,2381bfac8981203535e6eec68960e01f
2149,be3c371dd4dcc3dec86b7967007bba9d
2150,5380a738f04634a5e2fb944c296794c4
2151,2be14392d60d2a6096be41175c9f4e12
2152,5d187d814b08f10f8097700b47e0dbdb
2153,dce82664b3c6294b6a41f6147b778fa5
2154,da68f9cf38068cca90d8812466bb1c52
2155,96f7678283e24cdf3a062b5db20a8a5b
2156,f4b148c1914ddd2bb73ea02ae9ddc821
2157,4d8ccc58a0288b5a0e425d7d0637a2d9
2158,77bde10e95f1eb7db70e4a20f6aa973c
2159,a0c1e3af383442b07b7ba2431aa434c7
2160,1af7c54a8755120236a128d3fa545e71
2161,cbf5a3146d42c81a84e75b7e5790bb35
2162,3737dc0f77ab9fc832526a80f65abb73
2163,1b6da82fd7ef2086aad1fa848bb92f6e
2164,85945f73c9dca2479fcd5e7b44d6645f
2165,cd7e5903523fcae844099a617d7e577d
2166,fac02b175fa981ceaf6e16b4fd5f63ca
2167,f9c48838b06199965246a5b85b34992b
2168,9f513ebef8ef63ba4b3831c805654094
2169,88936a3a6256d064d8e2404d35981eac
2170,c8d73ff187a78f4226412dd90d7ec03f
2171,935cdb9d710fb65ebc10334481b3eb2e
2172,0971ec151fd18c84d6835c9d539bc2dc
2173,314fc9afd079a9b98ab011f3473ff212
2174,761c729266e759fc6627d9393a91a366
2175,baab90ac5cb04c7dafb111c60b6c9c48
2176,07e3e2fa908749303536d191f0d121c4
2177,c19558a114bbf7fd77df9278013ed3ba
2178,27d57fef060a613c6bf16c4b6bd74db2
2179,8f2786f0daf64af62689e4bbd1547635
2180,30c3b5cf3e1b3d592da3ec2e9786d3f2
2181,82d1438c9ef645aa780516b57b601c49
2182,ff65b0e93c65a4b2a9bab848c2652ca1
2183,609a79795cc7e44dba1910cad9f90a1f
2184,669a70f715689ce2a274c78dd028ac6a
2185,3cfd365fa2400c2fe41d019c5de39e8a
2186,c0ac6cb328f4201c5e36e9d4f9150529
2187,ae477ecf06a31b35a2dc3e3e3079dda2
2188,752cd4324986f1c42b79cf3b1e2526a8
2189,f52d253b01dd8c8b28534aa384b8cc1a
2190,f80d6cd232750132582a8ca17bff0e77
2191,48ef430a27a56bcd728e71923f652a41
2192,1895795be8dd8a89fe3f2b186e80c748
2193,21761d1c573783fd89ba2fd7629a5e4f
2194,ee1df3b294b7e81def78075b488986e0
2195,99d5d266ca9e4fe314448a52d4a7b951
2196,d315177990eb1a4f6c30107702f8489d
2197,dcd1cd7bb152719ffc18b82e9e7364aa
2198,8da073db9e4bc465bcd9463a729580bf
2199,a5fc29619801f75f1ecad56d239ca371
2200,fd971540e407622c5f7dd929f5a6e16e
2201,3dadfdaf82807e378cde5892b58db83f
2202,b08e6b2fb2c7ba0bee2c59fa23fae53f
2203,ceaeef8b0122ce6ab1a04ca039ce6469
2204,4813abbed26f708ab1fc4ee74fa5bbf2
2205,60ea873c3bd05ce6c0a36035f4c2ac53
2206,bffad49ef6291769588d41a5ad606d03
2207,eaa247f069b999339357fd2706184da4
2208,fce335c0391ef0272aa73c73885e9cba
2209,6cba9046b63f3b28f4569684b0202e0e
2210,42604d88f759976e1c72d775d7e59e3c
2211,c7a65bc183df91e7b998b266348a6e6d
2212,f32bf25d4ae3da91781171db13d08ec2
2213,d3ad3b7a44d20feb5a65851bdd9926cf
2214,a7f041e0ab9451dc7078a20027956328
2215,ba401df80171b0a3c0a8a16c99af49f0
2216,e67ad7b1802c28aec1146541e61e9ec3
2217,e321fe9d464772a35bc5893ef155e73a
2218,90010118a58d7c4bc7e533e84d8bb897
2219,83f3fd4ecf5958919288d68bbab4316b
2220,bb3b614b9bbd2ffa95dd0c5ffb413dbd
2221,d5b68930209bfd5d072a04721beac01f
2222,96591c93dc67240950cbc8b670b8e4e1
2223,9ed886fa03f735b5c8d775ee88ea1f5c
2224,0db2b99c9417d443f91072b9049f6791
2225,0280cb8ecf83ec2de9c7fc6facf36b61
2226,fff7f33116edd9b1c1dc92415c4417ed
2227,0cb4234416bb368203bbb8917c2bbc5d
2228,134e083b25810e43e1b844ff641194ed
2229,ea3798eb4a958157f3634d8b5e6e0b82
2230,827f34175c93a9561e2c7590ab7eb625
2231,359ffd45c86085fef6ce4155624b03fa
2232,26830421df8216b51b73a9f980024eb7
2233,cb2554137ad48fbbb551576560ad0333
2234,fcb2cacab1d55b2e25cc93ad46816c73
2235,8776014279b47c28e475b8f445446bcc
2236,af849745499f6232b87222c552d3258b
2237,5d2ae3bcf1ea06ba31955ae91cfcca9f
2238,7bdc223f11e04816e8746b27f2555964
2239,97a62271b7a71d0e25d73f77d8b9af8e
2240,20ba5941f5a309a7c8b0b5273d3b268d
2241,a8a071cd0b590f6b1e1d59bca5879b76
2242,42365e9610b23dbdff2077af632ddda1
2243,31f80440e4f32bffe7af1b1cb35d39aa
2244,1f8e7725cf6c1077f8556e4803a20c5b
2245,d4bf0560f146a121da9c9618730a2b4b
2246,8b3cd54621edb415d465ff7f8bd6fb21
2247,02e82689ad6f46ea0fba51dd93ab30e8
2248,16022069ba9aa82ce25480a1ce6cb599
2249,9cdf589b18550dae40596b9f565b04ee
2250,35ff4c0e4a2f4a975453cd8c97cf4fea
2251,2081813230cca756282c902935e3aefb
2252,c60b8677e13f17bff837d1d24cf49844
2253,bf6b9d815a5714f13f089ab7def6101e
